200
4318 4377 4212 4318 3776 3781 4177 4082 4108 3978 4264 3609 4068 3791 4083 3812 4503 3811 3671 4030 3818 3678 3894 4132 4305 4189 3853 3737 3826 4141 3877 3848 4123 4012 3767 4048 3919 3817 3751 3965 4137 4084 4126 3876 3871 4145 4005 3816 3789 4195 4290 3858 3970 4144 4055 4155 3849 4063 3972 3363 3710 3960 4108 4145 4024 3991 3830 3748 4035 4228 4037 3972 4185 4017 3908 3918 4169 3861 3625 3958 4202 4193 3993 4108 3851 3910 4097 3788 4248 3724 3986 4073 3905 3778 4099 4079 3965 4246 4254 3937 4089 4171 4105 3981 4167 4136 4167 4113 4225 3881 3820 4019 4067 3591 4052 4239 4210 4280 4317 3701 4367 4491 3582 4491 3725 4054 3513 4011 4013 3800 4031 3921 3813 4393 4176 3831 3654 3809 3853 4140 4162 4123 3857 4080 3801 4023 4309 4032 3818 3667 3918 3975 4149 3945 4201 3990 4052 3963 4058 4371 4008 3783 4085 3589 3859 3919 4496 4104 4041 4220 4124 3857 3844 4217 3886 3898 4127 4019 4119 3954 3933 4149 3862 3753 3998 3669 3951 4021 3691 4189 4018 4064 3944 4177 4069 3989 4117 3872 4079 4163 
3889 4002 4197 3746 3626 3631 3693 3913 3988 3540 3958 3641 4003 3609 3758 3800 4092 3430 3576 3871 3800 3649 3621 3765 4000 3877 3536 3829 3688 3819 3645 3525 3924 3717 3406 3904 4028 3370 3479 3867 3756 3899 3871 3602 3425 3760 4000 3564 3719 3831 4010 3478 3842 3828 3693 3920 3732 3659 3799 3452 3606 3629 3799 4054 3908 3684 3944 3695 3863 3701 3842 3685 3865 3647 3930 4026 3901 3500 3640 3575 3813 3719 3657 3894 4011 3942 3751 3726 4002 3488 4071 3775 3616 3828 4053 3648 3818 3958 3825 3756 3987 4009 3789 3860 4122 3955 3848 3773 3833 3774 3696 4036 3572 3639 3918 3870 3910 4095 4482 3781 4209 4240 3135 4440 3546 3925 3401 3659 3767 3456 3717 3529 3901 4076 4040 3768 3384 3791 3607 3899 3741 3893 3376 4029 3637 3744 3934 3648 3820 3918 3565 3812 3842 3697 3801 3883 3741 3935 3803 4199 3866 3722 3880 3554 3568 4044 4190 3957 3810 3953 4040 3647 3912 4003 3977 3996 3874 3933 3814 3930 3839 4057 3745 3380 3547 3560 3834 3562 3496 3900 3709 3611 3694 4096 3733 3918 3895 3846 3939 4175 
4410 4405 4119 4092 3742 3939 3939 3984 3892 4064 4198 3684 4214 3749 4133 3922 4324 3724 3703 3881 3880 3936 3801 3955 4008 3998 3903 3793 3636 4154 3680 3809 3841 4166 3736 4120 4156 3998 3767 3746 4172 3902 3859 3834 3722 3788 4172 3781 4185 4045 4301 4000 4140 3886 3685 4215 3900 4066 3759 3510 3824 3849 4146 3890 3963 3816 3859 3914 4108 4175 4133 3808 3942 4030 3930 4273 4185 3800 3644 3933 4056 4025 4020 3800 3733 4111 3831 3707 4030 3759 4156 4331 3877 3880 4085 4048 4021 3883 4016 3745 4327 4376 4125 3963 4388 3892 3942 4210 4058 3879 3832 4088 3885 3792 3990 4143 3961 4068 4470 3668 4281 4445 3353 4272 3711 3835 3617 4027 3860 3728 3699 3995 3980 4067 4182 3823 3839 3674 4101 3983 4255 4313 3708 3830 3590 3761 4232 3685 4100 3794 3867 4027 4011 3711 4208 3954 4069 3974 4058 4297 4036 3933 4117 3804 4078 3954 4456 3934 3971 4003 4138 3783 3897 4192 3968 3973 4021 4237 3974 3876 3801 4379 3920 3622 3972 3365 4225 3772 3451 4227 4138 4078 3778 4010 3964 4240 3970 4129 4241 4179 
4219 4197 4187 4197 3787 3901 3982 4187 4055 3963 3846 3856 4037 3642 4299 3815 4085 3771 3695 4045 3695 3816 3787 4106 4132 3982 3890 3888 3858 3880 3695 3922 4243 4126 3850 4149 4024 3794 3825 3861 4092 4159 3950 4004 3699 4062 3737 3706 3778 3966 4120 3902 4105 3932 3833 4079 3999 4165 3777 3482 3608 3662 4149 4264 4032 3910 3834 3700 4120 4054 3989 3950 3876 4116 3914 4012 4059 3812 3806 4015 4102 4296 4021 4022 3891 3946 3789 3891 3857 3901 4202 4124 3875 3582 4097 4076 3958 3944 4168 4194 4332 4331 3958 3869 4090 4076 4076 3647 4203 3905 3858 4192 4028 3727 4211 4080 3980 4271 4330 3546 4219 4491 3524 4463 3414 4032 3546 4026 3936 3781 4159 4120 4229 4529 4284 3895 3617 3655 3857 4040 3955 4310 3588 4031 3760 3977 4135 3851 4091 3828 3832 3975 4105 3948 4115 4011 4211 3917 3922 4444 3881 3710 3805 3741 3799 4089 4425 4066 3819 4010 4155 3781 3811 3997 4007 4060 3906 4178 3890 4021 4089 4299 4072 3762 3906 3663 3979 3703 3571 4094 4012 3885 3786 4079 3813 4278 3919 4178 3974 4100 
4066 3955 3876 4018 3551 3579 3992 3817 3896 3691 3948 3769 3969 3665 4071 3795 4140 3503 3667 3994 3706 3643 3805 3829 3958 3919 3811 3660 3733 4110 3730 3718 3973 4018 3571 4128 3771 3514 3734 3808 3726 3910 3940 3688 3438 3919 3900 3700 3705 3895 4024 3735 3929 3853 3764 4005 3913 3893 3711 3399 3403 3588 3839 4016 3896 3790 3809 3854 4066 3866 3829 3792 3756 3884 3876 3648 3897 3546 3770 3758 3979 3916 3939 3798 3720 3752 3847 3578 3914 3565 3987 3938 3745 3687 3914 3875 3925 3916 3735 4012 4326 4022 3973 3918 4098 3997 3979 3856 3875 3722 3774 4056 3902 3690 4060 4248 3796 4023 4068 3598 4148 4533 3443 4510 3647 4047 3619 3978 3626 3519 3803 3891 3813 4081 4054 3801 3628 3979 3782 3983 4054 3847 3579 4145 3926 3664 4089 3741 3747 3734 3815 3826 3938 3669 4157 4227 3964 4006 3876 4151 3890 3788 3807 3705 3459 4159 4268 3879 3844 4035 3967 3630 3882 4040 3820 3868 3772 3866 3828 3723 3937 4093 3829 3583 3590 3531 3918 3721 3481 3890 4063 3820 3583 4056 3826 3927 3935 3943 3949 4213 
3775 3936 3873 3668 3569 3577 3798 3760 3656 3540 3669 3223 3574 3385 3572 3306 3780 3280 3553 3725 3506 3401 3641 3473 3902 3729 3538 3465 3344 3594 3538 3463 3425 3818 3532 3700 3608 3333 3411 3669 3884 3883 3699 3383 3661 3816 3565 3212 3488 3870 3633 3463 3431 3457 3641 3698 3647 3579 3482 3090 3397 3572 3555 3669 3549 3562 3326 3512 3855 3626 3679 3764 3657 3474 3748 3465 3799 3363 3223 3686 3638 3686 3759 3448 3624 3710 3788 3138 3702 3470 3821 3595 3302 3376 3517 3712 3729 3744 3732 3426 3796 3889 3626 3636 3800 3728 3504 3684 3787 3480 3512 3754 3369 3493 3694 3836 3712 3758 4017 3424 3761 4049 2785 4030 3556 3550 3168 3604 3604 3586 3464 3539 3611 3997 3751 3687 3492 3445 3331 3546 3673 3914 3315 3653 3277 3583 3926 3593 3399 3509 3534 3353 3708 3420 3692 3527 3852 3533 3544 3806 3693 3233 3504 3431 3413 3695 3754 3598 3413 3621 3776 3435 3573 3587 3528 3489 3656 3772 3705 3553 3627 3902 3637 3269 3520 3286 3589 3387 3436 3542 3551 3672 3093 3805 3436 3582 3401 3795 3836 3648 
3777 3931 3809 3801 3291 3668 3749 3833 3733 3796 3787 3468 3725 3327 3666 3485 3955 3244 3379 3730 3618 3489 3440 3635 3938 3737 3662 3544 3519 3685 3531 3439 3709 3700 3310 3999 3653 3448 3529 3346 3630 3570 3624 3423 3398 3748 3605 3439 3547 3597 3503 3431 3602 3536 3666 3715 3611 3667 3589 3092 3489 3542 3860 3762 3632 3604 3575 3197 3802 3749 3889 3401 3759 3761 3755 3885 3812 3691 3384 3576 3932 4003 3690 3689 3577 3712 3790 3554 3669 3481 3634 3749 3623 3319 3551 3694 3584 3788 3705 3629 4090 3835 3583 3916 3837 3874 3714 3356 3686 3358 3532 4124 3664 3713 3982 3950 3487 3852 3967 3503 3792 4218 3179 3949 3384 3523 3311 3670 3717 3519 3707 3583 3599 3968 3700 3659 3642 3697 3206 3557 3700 3737 3319 3779 3629 3614 3888 3466 3744 3317 3753 3596 4004 3682 3780 3562 3967 3609 3373 3920 3640 3605 3586 3430 3399 3669 3999 3664 3361 3662 3788 3572 3679 3841 3851 3651 3607 3994 3603 3471 3528 4037 3770 3274 3496 3399 3675 3542 3053 3766 3577 3635 3496 3733 3810 3887 3708 3930 3662 3715 
4402 4387 4197 4057 3905 4024 4024 4266 4289 4034 4548 3765 4173 3845 4383 3918 4390 3702 3693 4286 3897 4148 4092 4162 4182 4276 4017 3939 3890 4096 3957 4125 4044 4264 3790 4156 3963 4071 3790 3893 4203 4310 4223 3892 3722 4205 4183 3824 4003 4016 4244 4251 3926 3933 3946 4042 3952 4234 3965 3493 3911 3986 4061 4315 4148 4020 4010 3836 4236 4181 4069 4064 4372 4060 4207 3819 4236 4079 3994 4136 4247 4363 4089 3827 4082 4164 4158 3883 4003 3860 4215 4053 4001 3635 4270 4421 3981 4366 4092 4161 4503 4367 4182 4312 4269 4492 4172 4188 4158 4074 4063 4088 4155 3909 4309 4753 4185 4473 4457 3921 4242 4581 3730 4524 3900 3933 3625 4220 4037 3764 3880 4190 4162 4445 4168 4153 3707 4240 4011 4061 4245 4257 3657 4450 3927 4098 4389 3879 4113 4025 4197 4064 4184 3934 4386 4224 4156 3964 3996 4285 4040 3986 4115 3940 4066 4429 4317 4228 4214 4132 4391 3938 4093 4282 3978 4005 4083 4275 4025 4141 4141 4234 4041 3718 4115 3783 4006 3939 3775 4186 4236 4014 3778 4282 3973 4038 4005 4411 4017 4288 
3969 4225 3795 3850 3608 3954 3828 4162 3811 3712 3783 3366 3820 3363 3817 3595 4026 3546 3535 3916 3601 3707 3715 3864 3957 4063 3669 3726 3597 3942 3504 3645 3774 3899 3441 3806 3807 3641 3671 3765 3970 4071 3724 3795 3615 3641 3875 3351 3642 4066 4120 3709 3718 3953 3845 3859 3715 3856 3739 3393 3378 3684 3832 3912 3793 3682 3487 3763 3958 4065 3854 3734 4128 3874 3772 3896 3801 3741 3710 3835 3751 3982 3736 3752 3697 3639 3831 3533 3651 3597 3835 4058 3713 3562 3791 3762 3799 3987 3859 3855 4025 4314 3915 3810 4009 3522 3901 3671 3691 3724 3749 3977 3554 3454 3902 4045 3778 4051 4157 3689 4055 4411 3335 4258 3398 3700 3149 3595 3908 3516 3611 3639 4080 3920 3797 3712 3463 3608 3920 3534 3760 3728 3341 4013 3631 3717 3859 3582 3798 3919 3926 3590 3850 3650 3773 3828 3829 3910 3725 4125 3729 3783 3832 3446 3690 3764 3845 4027 3883 3795 3733 3560 3693 3850 3766 3698 3584 3844 3739 3912 3809 3886 3768 3434 3613 3675 3743 3694 3539 3909 3830 3688 3454 3996 3848 3854 3750 3862 3942 3936 
3984 4473 4471 4513 3862 4115 4422 4196 4102 3813 3946 3976 4269 3633 4272 3943 4364 3807 3834 4283 3739 4137 3987 4173 4275 4199 4128 3957 3960 3905 3930 3908 4117 4167 3666 4344 4087 4018 3895 4148 4030 4138 4127 3897 4043 4087 3908 3820 3966 4059 4201 3973 4139 4194 4118 4118 4109 4086 4086 3715 3849 4003 3887 4340 4148 3940 3826 3887 4211 4328 4191 4172 4122 3984 4086 4100 4068 4016 3782 4046 4148 4235 4022 3870 4042 3800 4237 3858 4298 3630 4145 4038 3988 3899 3911 4144 4219 4351 4494 4119 4298 4250 3928 4044 4413 4300 4327 4121 4029 3889 3969 4266 3879 4016 4069 4133 4133 4482 4302 3875 4399 4554 3366 4678 3745 4219 3622 3862 4218 3777 4024 3690 4170 4352 4190 3989 3575 3916 3845 4335 4065 4187 3762 4220 4041 4027 4249 4143 4017 4098 4163 3773 4228 4130 4468 4022 4148 4263 3887 4235 3983 3884 3994 3836 3872 3898 4453 4182 3958 4069 4135 3937 3809 4239 4012 3982 4052 3928 4020 4203 4075 4289 4050 3825 3760 4104 4013 4129 3810 4365 4175 3914 3910 4133 4104 4295 4040 4021 4287 4118 
4315 4478 4553 4521 4064 4125 4487 4399 4325 4274 4413 4152 4505 4003 4320 4066 4742 3821 4204 4342 3885 3956 4281 4356 4525 4439 4418 4023 4129 4555 4200 4116 4313 4324 4007 4557 4382 4212 4085 4313 4337 4448 4234 4040 4096 4388 4274 3897 4238 4404 4604 4290 4177 4409 4362 4400 4281 4366 4344 3733 3987 4094 4174 4534 4288 4283 4126 4185 4302 4274 4507 4335 4301 4281 4464 4380 4554 4153 4102 4335 4328 4352 4202 4483 4075 4312 4306 4020 4440 3958 4224 4697 4128 4064 4342 4324 4346 4505 4316 4406 4661 4657 4370 4192 4620 4537 4456 4375 4586 4057 4237 4581 4243 3963 4466 4630 4293 4458 4835 4161 4704 4997 3556 4821 3780 4586 3736 4282 4395 4015 4184 4276 4308 4565 4473 3906 4005 4262 4186 4435 4433 4531 3893 4454 4190 4258 4782 4167 3982 4195 4122 4273 4398 4123 4553 4232 4286 4255 4395 4634 4422 4047 4361 4086 3897 4350 4563 4422 4086 4270 4436 4165 4262 4422 4271 4453 4256 4280 4331 4248 4093 4311 4331 3965 4212 4034 4331 4157 3756 4493 4384 4151 4183 4500 4423 4467 4330 4250 4451 4610 
4559 4583 4565 4555 4210 4367 4539 4606 4340 4130 4571 4101 4538 4145 4470 3989 4655 3914 4177 4473 4140 4086 4292 4431 4529 4464 4470 4134 4226 4294 4222 4087 4322 4447 3841 4502 4404 4258 4280 4202 4245 4304 4495 4102 4091 4452 4268 4100 4433 4359 4362 4209 4330 4115 4244 4828 4367 4304 4473 3888 4231 4312 4457 4442 4377 4134 4357 4360 4348 4403 4450 4262 4376 4170 4317 4269 4355 4045 3970 4356 4241 4407 4438 4136 4210 4379 4331 4075 4364 4067 4586 4593 4298 4098 4405 4241 4519 4549 4519 4545 4593 4598 4655 4353 4691 4325 4402 4454 4551 4186 4137 4680 4212 4093 4303 4542 4452 4581 4977 4165 4638 4912 3772 4963 4294 4626 3944 4250 4142 4086 4073 4220 4361 4663 4703 4270 4014 4325 4445 4448 4303 4366 4069 4451 4344 4507 4490 4145 4299 4257 4224 4196 4687 4379 4640 4229 4463 4321 4262 4743 4318 4034 4294 4186 4054 4547 4680 4468 4152 4185 4629 4059 4580 4765 4252 4409 4318 4404 4369 4446 4355 4652 4395 3874 3979 4227 4308 4410 3871 4545 4467 4188 3842 4460 4314 4533 4390 4458 4549 4582 
4011 4183 4270 4138 3695 3944 4029 4197 4117 3915 4046 3624 3871 3644 4086 3912 4344 3574 3803 4105 3689 3917 4026 4089 4157 3931 3749 3801 3834 3758 3672 3618 4225 3959 3436 4046 3919 3870 3753 3849 3958 3941 4088 3830 3866 4009 4036 3739 3959 4182 4036 3660 3862 4046 3952 4230 3795 4050 4131 3559 3863 3830 3750 3989 3939 3918 3862 3808 4261 3847 4057 3798 4225 3914 4056 4193 3849 3772 3538 3913 4013 4105 3857 3923 3678 3687 3823 3589 3984 3473 3967 4042 3805 3757 3953 3837 3918 4039 4435 4152 4186 4204 4094 4116 4093 4057 3985 3945 3955 3798 3985 4263 3578 3477 3980 4071 3936 4190 4324 3684 4197 4485 2918 4310 3653 3968 3349 3762 3745 3779 3916 3798 3935 4124 4130 3890 3725 3811 3655 3858 4122 3956 3711 3997 3806 3954 4200 3756 3799 3789 3746 3827 4290 3957 3956 3949 3802 4041 4058 4477 3792 3689 3947 3724 3916 4080 4122 4162 3898 3890 4166 3691 3905 4047 4070 3830 3717 3873 3725 3754 4084 4206 3977 3617 3731 3848 3903 3635 3600 4072 3883 3993 3907 3915 3860 4118 3647 3998 4148 4168 
4593 4330 4353 4310 4223 4057 4164 4425 4222 4176 4137 3942 4400 3922 4509 4034 4393 3763 3942 4268 4193 3960 4002 4010 4425 4248 4036 3912 3774 4242 4003 4091 4093 4222 3941 4342 4117 3944 4170 4144 4500 4435 4139 3819 3901 4168 4064 3827 4173 4148 4147 4094 4128 4201 4161 4273 3933 4237 4008 3747 3816 3913 4301 4046 4005 4031 4213 4056 4270 4242 4369 4104 4226 4159 4327 4219 4472 4015 3953 4038 4397 4466 4017 4172 4156 4105 4324 4073 4088 3946 4433 4184 3963 3795 4113 4315 4272 4473 4045 4354 4305 4297 4220 4421 4360 4384 4130 4202 4411 4052 4187 4146 3966 3877 4392 4347 4330 4537 4688 3855 4477 4679 3619 4645 3970 4275 3741 4139 4191 3698 3894 3937 4030 4748 4521 3962 3800 4111 4047 4062 4346 4560 3916 4415 4032 4083 4538 3975 3973 4166 4083 4116 4463 4262 4272 4286 4236 4015 4098 4474 4133 3996 4306 3821 3905 4196 4295 4192 4179 4143 4122 3941 4150 4176 4260 4231 4300 4318 4213 3964 4533 4435 4165 3969 3885 3828 4341 3868 3861 4112 4191 3999 3894 4382 4031 4332 4192 4219 4232 4482 
3865 3952 4026 3947 3441 3708 4031 3882 3800 3571 3880 3426 3899 3442 3965 3485 4185 3471 3475 3971 3708 3762 3651 3818 3895 3813 3781 3620 3580 3730 3727 3670 3825 3853 3358 3921 3673 3668 3502 3792 3768 4104 3730 3489 3626 3848 3584 3576 3694 3687 3999 3680 3537 3748 3640 3859 3950 3685 3565 3505 3534 3512 3544 3794 3995 3664 3564 3656 3930 3950 3898 3699 3826 3741 4013 4009 3842 3533 3764 3692 3625 3845 3610 3596 3487 3580 3911 3502 3803 3354 4055 3806 3494 3398 3766 3665 3834 3792 3722 3835 3998 3822 3680 3741 3949 3682 4009 3758 3742 3719 3675 3921 3579 3717 3711 3865 3784 4003 4041 3299 3831 4310 3123 4263 3563 3752 3322 3685 3670 3591 3449 3847 3573 4202 3801 3629 3413 3707 3626 3719 3695 3963 3235 3958 3623 3549 4019 3567 3760 3589 3966 3867 3823 3867 3872 3619 4054 3787 3616 4047 3739 3526 3842 3594 3593 3808 3928 3842 3708 3793 3860 3551 3600 3872 3756 3746 3737 3864 3752 3714 3713 3768 3586 3240 3434 3455 3633 3650 3335 3838 3765 3627 3554 3991 3739 3888 3756 3762 3853 4073 
4237 3995 4000 4247 3978 4020 4096 4153 4039 3957 3786 3662 3948 3604 4234 3911 4301 3635 3991 4229 4069 3926 3837 4033 3986 3920 4102 3860 3870 3927 3703 4015 4019 4035 3753 4119 3931 3782 3950 3883 3867 3991 4285 3910 3652 3936 3770 3648 3689 4025 4165 3949 3960 3959 4066 4001 3649 3955 3974 3590 3809 3841 3971 4224 3962 3943 3928 4040 3952 4094 3972 3930 4123 4080 3997 4137 4123 3996 3849 3965 4209 4193 4165 3811 3857 3809 3760 3954 3931 3691 4308 4217 4126 3661 3942 4058 3992 4325 4007 4066 4227 4309 4026 4172 4214 4031 4196 4088 4276 3648 3901 4081 3872 3580 3958 4327 3863 4431 4251 3948 4321 4707 3479 4389 3754 4075 3622 4212 3860 3639 3672 4013 4119 4209 4287 4065 3772 3935 3813 3882 4029 3945 3728 4143 3904 3850 4067 3708 3913 4052 3924 4029 4228 3916 4202 3662 4116 3972 4240 4282 3940 3739 4081 3772 3710 3950 4164 3799 4056 4131 4142 3861 3844 3981 3980 4084 3986 3905 4133 3764 3913 4191 4038 3860 3803 3744 3829 3728 3520 4170 4144 3882 3737 4246 4023 3950 3959 4266 3996 4358 
4171 4126 4130 4374 3836 3875 4032 4154 4099 3731 4001 3686 4052 3497 4343 3881 4260 3686 3878 4109 3895 3719 4073 4018 4048 4035 3797 3938 3864 4325 3948 3984 4099 4117 3962 4188 4045 3652 3648 4120 3910 4286 4279 3789 3934 4271 4129 3774 4104 4235 3940 3815 4056 4249 4033 4112 3917 3961 3822 3442 3547 3778 3938 4258 4232 3813 4149 3894 4185 4003 4148 4036 4214 3766 4061 4043 4022 3929 3726 4030 4137 4019 4092 4004 4108 3972 4344 3863 4000 3993 4129 4067 3762 3898 3902 4036 3903 4148 4088 3952 4364 4010 4164 4152 4291 4202 3983 4020 4049 3952 3935 3968 4053 3773 4317 4315 4126 4324 4678 3863 4431 4403 3428 4474 3495 4056 3351 3961 3860 3903 3957 3755 3983 4223 4092 3795 3755 3945 3931 4225 3814 4259 3582 4063 4117 3940 4545 4036 3953 4179 3821 3966 4014 4098 4272 4157 4023 4425 3965 4330 4153 3857 3922 3817 3945 4311 4170 4094 3957 4148 4000 3722 3915 3907 4164 3974 3960 3908 3882 4078 4289 4001 4298 3938 3763 4066 4012 3815 3607 4159 4101 3963 3568 4255 4012 4214 4092 4103 4275 4254 
4360 4531 4388 4279 4087 4314 4259 4433 4210 4131 4425 4023 4221 4114 4420 4074 4519 3981 4055 4127 4231 4084 4360 4307 4128 4420 4129 4236 4074 4325 4084 4061 4075 4270 3824 4192 4248 4420 4050 4134 4180 4468 4390 4133 3965 4219 4265 4136 4139 4246 4226 3919 4299 4055 4097 4428 4107 4094 4068 3805 4140 4195 4334 4314 4289 4066 4100 4108 4288 4426 4378 4163 4295 4059 4337 4455 4316 4081 3991 4176 4192 4530 4445 4292 4138 4100 4166 4090 4157 3809 4460 4333 4114 3857 4372 4263 4134 4305 4376 4368 4492 4487 4403 4420 4458 4297 4103 4135 4262 4100 4095 4382 4076 3970 4105 4514 4300 4485 4624 4059 4414 4878 3723 4771 4068 4306 3929 4248 3973 3811 4067 4302 4145 4358 4524 4122 3811 4379 4214 4241 4472 4321 3826 4218 3989 4303 4371 4181 4244 4127 4220 4236 4579 4154 4732 4154 4342 4035 4303 4368 4041 3935 3962 3982 3884 4290 4690 4279 4140 4450 4539 4152 4215 4521 4124 4195 4360 4266 4270 4232 4335 4466 4260 3805 4208 3942 4429 3991 3933 4325 4497 4149 4009 4435 4095 4444 4144 4558 4241 4683 
3784 3605 3784 3919 3602 3583 3860 3723 3741 3440 3793 3305 3667 3304 3935 3431 3685 3336 3362 3608 3657 3718 3616 3716 3817 3642 3449 3708 3411 3689 3571 3574 3645 3668 3361 3675 3960 3298 3297 3403 3537 3759 3807 3400 3370 3473 3633 3327 3365 3627 3704 3355 3665 3705 3523 3620 3669 3613 3624 3346 3428 3458 3749 3859 3673 3397 3593 3592 3647 3915 3746 3698 3850 3336 3467 3575 3638 3406 3383 3725 3834 3892 3788 3371 3633 3617 3679 3468 3601 3414 3849 3831 3965 3476 3686 3682 3901 3735 3766 3621 3764 3850 3859 3853 3840 3829 3675 3802 3591 3590 3523 3858 3793 3297 3827 3943 3664 3750 3670 3356 3774 4041 3265 4127 3309 3501 3305 3487 3508 3623 3603 3628 3907 4069 3822 3617 3213 3435 3591 3559 3686 3928 3345 3841 3491 3464 3825 3549 3659 3724 3647 3721 3785 3661 3754 3531 3678 3643 3708 3826 3833 3347 3751 3288 3739 3838 3850 3754 3712 3613 3772 3358 3629 3722 3634 3482 3535 3338 3601 3756 3800 3736 3930 3367 3260 3448 3731 3497 3344 3984 3848 3391 3288 3937 3616 4066 3539 4014 3751 3852 
4277 4233 4153 3985 3783 3815 4125 4135 4155 4008 3941 3659 3923 3685 4043 3761 4256 3482 3744 3888 3830 3759 3585 3974 4115 3821 3836 3861 3731 3951 3898 3899 3618 3868 3594 4283 3765 3969 3632 3848 4231 4138 4011 3615 3825 3984 3989 3697 3924 3962 4070 3744 3741 3756 3751 3817 3927 3907 3941 3469 3526 3900 3851 4125 3723 3840 3739 3673 4124 4001 3973 3751 4101 3858 4071 4042 3993 3911 3734 3991 3911 4086 3845 3834 3876 3843 4016 3831 3946 3637 4140 3862 3841 3667 3821 3990 4005 4068 4019 3915 4062 4256 3868 4019 4219 3924 3784 3920 3950 3726 4038 4050 4133 3586 4208 4159 3976 4160 4204 3754 4266 4401 3363 4374 3541 3858 3368 3902 4055 3497 3637 3864 3984 4425 4242 4018 3281 3843 3719 3991 4040 4063 3502 4058 3680 3948 4043 3793 3838 3924 3747 3872 3991 3975 3966 3851 4188 3979 3861 4235 3809 3895 3913 3446 3807 3932 3968 4149 3944 3875 4251 3546 3783 4135 3837 4006 4011 4071 3916 4025 4017 4170 3925 3597 3680 3732 4035 3715 3652 4148 3997 3667 3648 4015 3961 3934 3972 3881 4079 4032 
4153 4158 3962 4197 3906 3702 4030 3977 3860 3820 4017 3650 3970 3415 3959 3687 4194 3684 3606 3977 3709 3673 3954 3858 3966 3767 3860 3760 3904 4057 3545 3911 3546 4106 3726 3936 3976 3779 3494 3895 3856 4216 3838 3603 3794 4003 3874 3597 3680 3967 4051 3583 3730 4134 3858 3759 3725 4010 3870 3592 3744 3809 3789 3892 4089 3741 3668 3952 3959 3979 3878 3854 3960 3737 4033 4253 4001 3691 3733 3899 3959 4118 3916 3579 3862 3766 4114 3541 3726 3768 3970 4065 3898 3619 3925 4008 4023 4000 3862 3931 4254 4031 3957 4071 4218 3914 3800 4004 4037 3590 3800 3872 3813 3724 3892 4086 4001 4255 4269 3729 4021 4298 3248 4349 3662 3743 3205 3778 3763 3659 3715 3765 4077 4114 3907 3898 3382 4019 3884 3934 3918 4139 3466 4074 3825 3860 4229 3847 3872 3678 3555 3706 3845 3684 4283 3780 3821 3960 3620 4181 4092 3590 3705 3580 3683 3949 3993 4052 3766 4011 4037 3605 3696 4057 3765 3760 4039 3828 3741 3846 4034 4205 3820 3515 3664 3481 3928 3801 3697 4040 3964 3701 3655 4108 3965 4036 3807 3971 3956 4125 
4037 4300 4256 4061 3641 3677 3933 4080 4088 3621 4154 3638 3948 3563 4108 3842 4412 3788 3737 4033 3650 3931 3999 4163 4132 3719 3778 3779 3935 3786 3843 3875 4070 4021 3606 4012 4005 3716 3783 3944 3993 3921 3914 3863 3705 3998 3993 3781 3844 3891 4092 3869 4046 3728 3641 3828 4029 4091 3841 3429 3618 3749 3917 4185 4017 3959 3605 3752 3884 4166 4020 3850 4263 3989 4011 4015 3986 3805 3596 3850 4061 4152 3948 3874 3808 3722 3997 3756 4177 3510 4234 4129 3809 3917 4123 4013 4137 4226 4201 3916 4063 4095 4114 4092 4427 4183 3897 3842 4056 3902 4004 4123 3945 3676 4211 4084 4041 4018 4126 3520 4291 4381 3341 4399 3609 4179 3374 3995 4051 3709 3887 3930 4061 4193 4296 3714 3579 3800 3980 4026 4065 4021 3602 4107 3765 4040 4428 3855 3866 3793 4006 3672 4083 3806 4263 4049 4069 3944 3917 4305 3985 3827 3855 3790 3973 4162 4489 4040 3839 3971 4040 3606 3850 4348 4079 3861 3780 4000 3986 3849 3976 4132 3857 3605 3868 3642 4054 3653 3293 4106 3936 3584 3807 4250 3833 3794 3924 4018 3942 4266 
4665 4511 4548 4228 3856 4166 4328 4299 4234 4177 4448 4024 4263 3921 4411 4283 4525 3950 3852 4297 3949 4050 4039 4129 4363 4361 4012 4030 4048 4186 4060 4023 4306 4426 4013 4472 4284 3865 3805 4076 4151 4312 4233 3958 4031 4314 4082 3812 3956 4233 4103 4172 4212 4256 4098 4223 4092 4238 4163 3762 4001 4183 4232 4520 4334 4187 4287 4254 4229 4567 4308 4073 4429 4319 4430 4240 4479 3981 4021 4225 4302 4671 4201 3998 4306 4178 4357 4046 4275 3918 4483 4420 4163 3893 4021 4147 4478 4505 4569 4366 4512 4416 4279 4285 4558 4223 4278 4105 4190 3945 4116 4155 4071 3990 4277 4448 4428 4548 4410 4030 4474 4719 3675 4679 3850 4044 3638 4109 4093 4161 3934 4159 4466 4521 4325 4275 3577 4168 3811 4273 4273 4303 3714 4272 4020 4219 4577 3884 3880 4297 4065 4080 4465 4184 4305 4090 4533 4112 4224 4489 4113 4077 4392 3972 4164 4269 4463 4366 4286 4047 4454 3963 4154 4534 4298 4119 4220 4432 4223 4304 4297 4513 4190 3898 3840 4202 4242 4101 3789 4438 4186 4125 4045 4258 4220 4703 4101 4207 4237 4323 
4436 4401 4519 4558 4092 4218 4325 4272 4269 4266 4472 4049 4365 3893 4553 4136 4552 3682 4059 4126 3783 3886 4225 4261 4333 4183 4020 3943 4113 4332 4007 4039 4080 4341 4161 4532 4130 4104 4071 4112 4274 4358 4101 3986 3964 4256 4152 3895 4269 4261 4188 3944 4256 4406 3893 4300 4269 4173 4131 3684 3819 4199 4097 4581 4017 4227 3872 3974 4430 4185 4515 4099 4223 4188 4261 4253 4399 3907 3903 4073 4155 4396 4190 4223 4120 4173 4353 3797 4229 4059 4295 4364 4298 3942 4144 4271 4270 4465 4532 4229 4655 4434 4375 4153 4503 4289 4305 4182 4205 3944 4255 4446 4376 4065 4373 4490 4346 4354 4525 4164 4587 4892 3408 4784 3896 4302 3878 4304 4051 4091 4173 4085 4359 4573 4320 4059 3843 4283 4191 4312 4331 4469 3856 4279 3979 4299 4550 4154 4039 4191 4121 4077 4544 4079 4596 4179 4382 4253 4093 4589 4447 3982 4197 4159 3937 4507 4490 4245 4159 4320 4410 3825 4267 4435 4223 4202 4173 4418 4224 4419 4217 4442 4237 3812 4052 3912 4493 3863 3616 4483 4310 4103 4056 4421 4165 4297 4284 4276 4493 4554 
4119 3996 4214 4073 3538 3724 4016 3930 4049 3684 3821 3724 3801 3533 4225 3626 4169 3599 3775 4061 3665 3743 3811 4125 4140 4134 3892 3508 3672 3886 3693 3584 3729 3897 3711 3921 3771 3836 3814 3756 3874 3987 3949 3660 3709 4030 3975 3552 3928 4021 4112 3556 3788 3961 3986 4014 3803 3782 3832 3302 3432 3957 3904 3924 3949 4041 3840 3598 4069 4086 3915 3728 4014 3970 4153 3849 4101 3716 3454 3816 3819 3999 3844 3821 3727 3616 4078 3533 3911 3485 4090 4159 3989 3849 3777 3858 3991 4050 3838 3997 4254 4303 4230 3941 4116 3986 3878 3961 3738 3478 3917 4115 4059 3873 4059 4315 4052 4244 4216 3995 4125 4241 3317 4338 3586 3985 3579 3800 3923 3622 3777 3808 4174 4116 3990 3847 3561 3879 3957 3959 3715 3949 3657 4135 3603 3899 4068 3697 3794 3684 4050 3630 3894 3784 4134 3706 4211 3885 3930 4158 3697 3497 3835 3698 3523 3960 4184 4145 3754 3883 3924 3747 4031 3980 3891 3974 4029 3895 3777 4025 3925 4096 3925 3637 3511 3687 4048 3825 3537 4108 3811 3785 3552 4156 4105 4082 3986 4193 4011 3865 
4476 4388 4310 4260 4265 4255 4494 4265 4363 3880 4296 3900 4052 3760 4448 3907 4655 4076 3770 4264 4193 4136 4267 4378 4478 4550 4041 4363 4200 4537 4129 4329 4134 4176 3825 4256 4389 4223 3831 4152 4328 4515 4378 4272 3936 4384 3977 3848 4133 4249 4319 4171 4276 4651 4223 4515 4281 4234 3960 3759 4153 4165 4134 4209 4509 4087 4100 4407 4373 4341 4460 4214 4422 4001 4379 4444 4195 3930 4135 4214 4300 4472 4159 4171 4278 4279 4369 3952 4084 3943 4535 4297 4196 3958 3919 4376 4296 4542 4243 4283 4589 4627 4319 4235 4517 4343 4201 4523 4342 4073 4156 4278 4172 4007 4221 4559 4227 4438 4403 4139 4549 4605 3762 4635 3959 4393 3665 4335 4236 4002 4082 4213 4684 4719 4393 4326 3825 4281 4273 4379 4188 4432 3823 4220 4032 4155 4383 4205 4156 4099 4153 4201 4370 4203 4483 4215 4461 4504 4375 4427 4309 3937 4004 4097 4004 4339 4599 4520 4060 4418 4376 3952 4196 4467 4194 4043 4465 4406 4161 4458 4548 4586 4167 3785 4025 4054 4366 3967 3890 4281 4278 4130 4087 4564 4314 4320 4193 4191 4219 4440 
4191 4033 4061 3986 3775 3910 3883 4223 4154 3819 4120 3654 3954 3624 4193 3640 4203 3643 3623 3943 3719 3651 3968 4137 3954 4124 3680 3810 3613 4134 3835 3818 3986 4028 3582 4044 3850 3940 3735 3867 3919 4098 3991 3565 3646 4048 3849 3639 3730 3871 3908 3718 3963 3926 3937 3911 3833 4020 3743 3528 3415 3889 3947 4114 3927 3844 3844 3705 4007 3918 3925 3930 4086 3705 4006 3928 4013 3599 3557 3816 3922 4189 3986 3889 3912 3923 3990 3826 3875 3579 4061 4022 3812 3428 3853 3905 4021 3990 3995 3854 4215 4182 4242 4042 4246 4118 3829 3866 3890 3705 3693 4195 3902 3486 3895 3945 3941 4135 4190 3650 4291 4422 3313 4429 3639 3797 3334 3705 3876 3506 3935 3870 4098 4347 4015 3892 3435 3843 3800 4112 4111 4116 3600 3957 3723 3897 4100 3787 3709 3869 3665 3799 3970 3800 4003 4174 4069 3801 3890 4300 3699 3789 3840 3617 3759 4060 4392 4049 3576 3761 4065 3702 3813 4021 3955 3790 3803 3988 3899 4013 3995 4166 3796 3541 3773 3728 3874 3636 3688 3970 4057 3718 3593 4169 3738 4078 3862 4015 4007 4194 
4410 4173 4230 4159 3999 3863 4095 4265 4211 3914 4116 3734 4220 3679 4203 4035 4547 3905 3665 3966 3763 3838 3949 4247 4134 4151 3795 4007 3934 4133 3964 3681 3824 4002 3717 3981 3987 3943 3694 4026 4060 4078 4043 3742 3675 4149 3843 3781 3944 3892 4175 3739 4059 4105 3678 3943 3991 3969 4027 3654 4074 3970 3881 4252 3964 3809 3775 4022 4225 4048 4074 3814 4164 4031 4290 4065 4163 3779 3830 4004 4087 4384 4042 3896 4254 4085 4319 3844 3933 3710 4138 4102 3976 3749 3865 4270 4129 4183 4049 4082 4243 4215 4171 3972 4325 4039 4123 4116 4256 3787 3916 4159 3961 3764 4071 4321 4064 4155 4302 3862 4219 4647 3271 4491 3816 3989 3599 4237 3978 3859 3986 3957 4206 4398 4184 3996 3503 4299 3995 4223 4012 4069 3793 4138 3986 3991 4303 3884 3809 4003 3916 3855 4110 3986 4242 4045 4218 3837 4058 4310 4053 3839 4053 3779 3915 4262 4142 4284 4065 4259 4180 3694 3977 4133 3998 3948 4143 4367 3945 4263 3952 4324 3934 3430 3773 3901 4100 3978 3807 4003 4322 3715 3861 4098 4127 4227 4016 4053 3886 4205 
3924 3834 3832 3764 3614 3729 3672 3936 3594 3604 3816 3485 3855 3262 3864 3638 3906 3356 3462 3940 3577 3553 3733 3755 3904 3596 3359 3678 3665 3664 3645 3791 3772 3873 3435 3754 3663 3677 3401 3545 3665 3544 3770 3507 3224 3619 3506 3477 3609 3728 3652 3776 3641 3731 3708 3669 3658 3774 3592 3080 3287 3600 3577 4097 4050 3717 3907 3592 3583 3934 3854 3592 3813 3550 4063 3629 3752 3683 3631 3561 3754 3797 3413 3554 3816 3513 3747 3526 3562 3471 3854 3846 3691 3489 3661 3853 3768 3912 3792 3809 4118 3923 3899 3855 3812 3808 3876 3822 3621 3444 3626 3852 3578 3681 3867 4096 3603 3919 3929 3647 3984 4329 3287 4273 3322 3624 3326 3621 3699 3487 3574 3390 3684 3941 3858 3661 3323 3690 3673 3730 3661 4022 3387 3797 3403 3607 3872 3724 3759 3724 3525 3516 3664 3683 3754 3657 3830 3843 3657 3988 3748 3716 3688 3593 3509 3789 3923 3743 3807 3839 3905 3376 3713 3768 3786 3731 3491 3982 3721 3752 3770 3931 3615 3296 3390 3474 3750 3443 3531 3776 3628 3563 3504 4020 3859 3685 3288 3681 3724 3876 
4283 4398 4233 4293 3912 4051 4437 4270 4052 3992 4187 3842 3888 3704 4343 3796 4565 3688 4103 4089 3867 4102 4115 4121 4122 4340 4041 3836 3940 4214 3833 4247 4054 4219 3865 4144 4042 3978 4076 4215 4068 4242 4316 4020 3836 3979 4065 4145 4112 4374 4171 3893 3892 4202 3951 4114 3896 4126 3860 3539 3882 3769 4011 4192 4119 4080 4033 3974 4226 4123 4082 3933 4263 3994 4240 4030 3988 3885 3981 4092 4133 4344 4189 3984 3839 3745 4078 3685 3988 3913 3992 3996 4258 3910 4008 4019 4068 4199 4193 4054 4123 4429 4378 4014 4239 4098 4130 4353 4304 4018 4245 4381 4163 3721 4396 4303 4192 4382 4422 4065 4235 4586 3554 4686 3661 4151 3525 4245 3902 3624 3826 4115 4168 4128 4350 4022 3643 4095 4078 4093 4269 4255 3720 4156 3873 4101 4310 3977 3854 4001 3923 3960 3969 3787 4508 4194 4062 4148 3929 4232 4126 3991 3968 3766 3928 4138 4559 4298 3934 4002 4237 3863 4114 4257 3894 4210 4042 4326 3979 4114 4088 4223 4266 3883 3946 3903 4045 3933 3514 4156 4024 4029 3853 4229 4240 4005 4080 4233 4160 4421 
4449 4184 4417 4289 4076 4074 4223 4226 4017 3926 4200 3777 4128 3962 4251 4031 4586 3784 3846 4190 3892 4127 4050 4188 4295 4126 3915 3935 4024 4236 3966 3995 3972 4129 3826 4130 4223 4119 3843 4050 4144 4384 4406 3845 3917 4239 4249 3874 4243 4383 4158 3999 4090 4091 3962 4260 4045 4299 3961 3693 4031 4156 3919 4267 4192 4012 4204 4026 4481 4052 4374 3890 4151 4101 4181 4124 4322 3814 3960 3879 4112 4582 4199 4003 4038 4068 4177 3869 4080 3723 4598 4200 4108 3901 4117 4220 3992 4229 4305 4171 4370 4219 4294 4117 4442 4278 4056 4112 4247 4011 3990 4149 3882 4133 4257 4567 4145 4476 4511 3951 4300 4635 3652 4508 3661 3988 3498 4109 3946 3786 4028 4258 4165 4519 4393 4000 3930 4267 4105 4247 4289 4073 3709 4248 4096 3945 4428 3701 3874 4082 3976 4092 4131 4168 4431 4105 4112 4201 3985 4432 4062 3716 3946 3830 3771 4227 4535 4093 4149 4105 4322 3617 4137 4200 4179 3811 4470 4444 4070 4286 4261 4438 4382 3833 4039 3887 4217 4161 3814 4104 4301 4097 3716 4282 4108 4300 4195 4354 4121 4143 
4071 3931 3877 4077 3803 3938 3945 4004 4024 3761 3996 3530 3956 3564 4053 3745 4346 3572 3733 3869 3662 3805 3650 4047 3759 3992 3649 4104 3801 4173 3833 3731 3689 4049 3814 3875 3776 3735 3737 3962 3833 4079 4267 3555 3556 3990 4125 3489 3810 4021 3983 3636 4053 3783 3692 4062 3677 4032 3772 3481 3849 3758 3719 3932 4049 3728 3809 3832 4008 3805 4158 3755 4030 3804 3679 3926 4137 3699 3669 4092 3866 4033 4045 3720 4040 3815 4016 3598 3847 3665 4290 3880 4192 3515 4026 3894 3820 4106 3926 3975 4144 4323 4014 4015 4138 3999 4085 3625 4027 3715 3742 3991 3822 3728 3972 4091 3835 4299 4113 3675 4176 4523 3514 4307 3514 3825 3576 3854 4058 3557 3719 3918 4081 4224 4089 3643 3620 3757 3860 4086 3792 4030 3607 3960 3918 3671 4093 3594 3701 4179 3872 4026 3864 3670 3972 3829 4257 3730 3827 4185 4053 3653 3933 3574 3867 4143 4048 3986 4216 3764 4083 3694 3935 4073 3889 3883 3827 4084 3773 3801 4157 4118 3907 3626 3499 3905 3991 3760 3518 3955 4381 3720 3521 3854 3818 4195 3896 4041 4020 3979 
4463 4284 4617 4572 4091 3951 4105 4178 4410 3924 4118 4014 4366 3418 4362 4145 4492 3642 3900 4013 4119 3826 4114 4176 4355 4063 4055 4123 4121 4275 4082 4072 4051 4284 4023 4422 4104 4153 3909 4156 4265 4482 4137 4035 3850 4242 4196 3945 4083 4064 4432 4011 4378 4418 3946 4252 3972 4389 4091 3834 3820 3979 3914 4556 4305 4170 4003 3943 4210 4290 4313 4110 4257 4048 4176 4274 4442 3756 3910 4164 4346 4315 4108 3946 4152 4074 4246 4108 4225 3947 4502 4300 4051 3929 4148 4308 4188 4374 4269 4372 4367 4242 4358 4347 4408 4364 4240 4238 4299 3992 4073 4530 4248 4065 4040 4357 4147 4457 4588 3867 4571 4656 3562 4749 3834 4196 3650 4371 4190 3893 4201 4134 4380 4359 4410 4102 3741 4142 3990 4383 4282 4388 3859 4317 4121 3994 4254 4197 3997 4290 4052 3924 4327 4155 4285 4354 4380 4246 4001 4358 4188 4002 4113 4047 4198 4413 4459 4310 4027 4288 4037 3839 4182 4451 4041 4202 4138 4166 4142 4049 4385 4464 4171 3866 3826 3842 4339 3840 4044 4185 4383 3825 3883 4313 4450 4246 4062 4171 4232 4228 
4299 4143 4113 4034 3767 3859 3954 4277 3898 3717 3994 3676 3762 3667 4042 3771 4126 3656 3790 3851 3751 3809 3790 4073 3985 3912 3671 3977 3865 3832 3894 3925 3934 4040 3604 4065 3894 3830 3914 3793 3811 4325 3980 3693 3691 3861 3908 3654 3937 3939 3875 3878 3672 3891 4010 3898 4017 3827 3922 3290 3803 3764 3966 3995 3910 3780 3765 3642 4113 3945 4023 3742 4069 3735 3965 4091 3979 3709 3549 3895 4058 4328 3969 3786 3818 3665 4096 3644 3911 3658 4151 3834 3848 3753 4041 3927 3941 3984 4130 3914 4060 4300 4073 4040 4216 4054 3890 3733 3888 3758 3629 4101 3786 3753 4139 4104 4010 4245 4325 3591 4136 4631 3376 4545 3537 3984 3456 3757 3896 3648 3820 3707 3845 4233 4338 3619 3478 3811 3850 3903 4279 4167 3391 4097 3831 3925 4232 3745 3735 3877 3865 3770 4132 3927 4185 4024 4014 3875 3718 4339 3950 3862 3758 3527 3649 3774 4349 3928 3714 3906 4032 3594 3884 4020 4034 3904 4054 4154 3848 3866 4094 4022 3885 3563 3640 3645 3980 3582 3658 3994 3879 3870 3507 4256 3711 3895 3801 4002 3858 4138 
3924 3749 3766 3833 3343 3614 3775 3691 3694 3477 3655 3427 3599 3306 3935 3446 4076 3286 3399 3796 3380 3535 3818 3862 3752 3548 3490 3610 3555 3713 3774 3427 3501 3747 3334 3887 3451 3471 3325 3509 3692 3644 3837 3296 3498 3837 3510 3393 3611 3548 3635 3428 3705 3579 3484 3814 3450 3784 3668 3280 3415 3634 3546 3687 3682 3797 3440 3704 3880 3735 3714 3394 3825 3670 3813 3838 3809 3453 3369 3694 3616 3771 3728 3719 3839 3521 3719 3473 3688 3412 4023 3729 3845 3665 3645 3702 3682 3934 3760 3646 4000 3798 3889 3865 4041 3623 3604 3650 3866 3275 3452 3872 3653 3448 3621 3887 3909 3903 3914 3395 3786 4169 3067 4064 3366 3666 3207 3791 3590 3472 3435 3374 3704 3969 3758 3623 3357 3531 3639 3612 3955 3760 3557 3733 3753 3711 3884 3447 3495 3757 3567 3743 3713 3660 3738 3644 3886 3663 3793 4079 3578 3507 3973 3380 3661 3916 3956 3972 3771 3587 3733 3205 3660 3772 3726 3517 3666 3696 3723 3587 3766 3935 3431 3256 3580 3537 3670 3477 3456 3858 3665 3455 3507 3753 3563 3676 3800 3441 3792 3912 
4299 4235 4238 4123 3811 3762 4298 4058 4101 3864 4207 3660 4171 3751 4007 3765 4245 3475 3706 3938 3802 3702 3807 3924 4363 4283 3971 3820 3861 4250 3804 3827 3872 4000 3715 3976 4206 3809 3646 3872 3920 4019 4146 4106 3787 4132 3954 3537 3935 4115 3859 3917 3908 3937 3984 3996 4019 4023 3938 3525 3897 4030 3848 4071 3932 3945 3687 4074 4035 4214 4170 3869 4140 3687 4169 3989 4150 3816 3713 4003 3944 4242 3994 4032 3860 3986 4124 3651 4038 3637 4112 3825 4063 3928 3913 4149 3931 4276 4019 3782 4211 4360 4297 3873 4217 3903 4113 4297 3969 3990 3877 4181 3828 4005 4186 4042 4015 4327 4072 3857 4097 4376 3419 4464 3639 3898 3448 3843 3959 3820 3912 3639 4168 4359 4124 4069 3628 3812 3959 4001 4099 4195 3971 4014 3921 4011 4200 3856 3609 3858 3971 3686 4137 3873 4058 3935 3902 4157 3835 3944 4015 3742 4168 3821 3778 3972 4242 3967 3849 4070 3998 3710 4010 4094 3915 3782 3980 3998 4121 4148 3980 4060 3938 3727 3745 3788 4093 4012 3657 4087 4128 3756 3808 4111 3946 4148 3874 3881 4116 4273 
3956 4185 4319 4169 3751 3863 3976 4046 4044 3831 3976 3618 4082 3489 3893 3678 4419 3713 3587 4068 3724 3851 3883 3928 4184 3805 3768 3964 3780 3970 3785 3707 3886 3915 3671 3957 3886 3873 3925 3788 3920 3797 4107 3752 3904 4136 3884 3578 3852 3833 4006 3813 3951 3847 3824 4015 3957 4077 3664 3270 3640 3852 3642 4463 3883 3782 3834 3730 4038 3929 4157 3785 4192 3879 4099 4184 3837 3738 3631 3805 3966 4252 3806 3841 3901 3729 4020 3633 3927 3683 4294 3998 3807 3674 3735 3961 3986 4004 4082 3686 4134 4009 3989 3986 4256 4145 3941 4131 3940 3805 4088 4159 3969 4014 4108 3960 3861 4213 4260 3454 4031 4531 3368 4455 3677 3919 3414 3959 4049 3628 3889 3675 4118 4320 4145 3911 3672 3675 3861 4012 3997 4144 3676 3990 3692 3654 4200 3628 3730 3770 3786 3832 4125 3924 4040 4001 4109 3923 3650 4073 3828 3540 3605 3554 3710 3907 4296 3845 3694 4000 3989 3702 3858 3984 4048 3708 3953 3905 4043 3940 3946 4336 4026 3597 3726 3684 3929 3631 3639 3809 4012 3672 3536 4120 4074 4228 3769 4052 3774 4138 
4574 4534 4608 4670 4232 4378 4845 4417 4338 4075 4417 3985 4420 3865 4503 3977 4780 4057 4131 4673 4139 4133 4098 4398 4647 4358 4257 4332 4257 4334 4093 4175 4361 4332 3848 4503 4280 4091 4239 4366 4403 4497 4482 4159 4183 4237 4202 4230 4104 4314 4284 4007 4034 4490 4356 4325 4325 4188 4420 4037 4206 4131 4275 4532 4280 4064 4239 4260 4370 4564 4337 4262 4591 4235 4536 4642 4396 3848 3817 4376 4429 4688 4322 4252 4156 4071 4324 4052 4583 4191 4626 4270 4227 4221 4211 4287 4516 4544 4629 4208 4291 4611 4551 4356 4594 4481 4302 4339 4235 4256 4235 4393 4184 4024 4461 4490 4425 4785 4535 4000 4582 5093 3705 4928 4182 4449 3772 4193 4252 4193 4178 4165 4387 4694 4585 4152 3868 4317 4165 4650 4432 4487 3969 4632 4346 4329 4500 4209 4144 4089 4245 4356 4692 4214 4507 4212 4416 4528 4119 4522 4321 4123 4284 3979 4064 4184 4818 4487 4167 4321 4438 4266 4391 4394 4256 4223 4251 4541 4190 4477 4515 4347 4416 4013 4013 4022 4489 4065 3803 4375 4257 4163 4111 4387 4091 4448 4425 4383 4454 4478 
4738 4744 4550 4578 4232 4390 4302 4676 4248 4353 4537 3966 4414 4008 4505 4127 4733 4249 4356 4420 4096 4045 4228 4419 4471 4479 4494 4418 4145 4666 4324 4133 4264 4310 3955 4526 4420 4528 4110 4328 4256 4544 4331 4181 4105 4692 4570 4144 4359 4374 4429 4334 4306 4380 4387 4549 4284 4347 4467 3848 4282 4216 4327 4572 4397 4168 4236 4224 4538 4363 4372 4347 4587 4341 4598 4479 4373 4155 4210 4280 4584 4636 4380 4539 4183 4231 4289 4186 4461 3979 4867 4407 4233 4050 4630 4275 4386 4694 4439 4377 4639 4703 4598 4479 4597 4441 4676 4399 4418 4335 4238 4539 4101 4096 4477 4646 4430 4590 4970 4181 4609 4924 3974 5160 4002 4374 3678 4246 4211 4229 4167 4181 4288 4664 4585 4191 4115 4476 4340 4418 4527 4412 3856 4580 4388 4270 4746 4256 4180 4319 4199 4122 4396 4268 4461 4293 4461 4242 4144 4618 4353 4223 4257 4348 4221 4249 4508 4423 4328 4351 4516 4049 4407 4412 4473 4360 4368 4416 4058 4164 4358 4438 4354 4094 4007 4012 4472 4248 4014 4403 4261 4307 4011 4521 4367 4195 4273 4385 4371 4533 
4280 4504 4500 4305 3948 4112 4166 4092 4649 4091 4115 3976 4226 3870 4365 3913 4512 3809 3894 4346 3876 3931 3794 4152 4283 4029 3941 4239 4004 4353 3936 3958 3938 4263 3889 4428 4073 3973 3907 4037 3885 4196 4230 4018 3892 4396 4050 3881 3975 4065 4303 3857 4066 3934 3945 4052 4156 4039 4136 3603 4260 4056 4100 4357 4183 4185 3950 4048 4422 4139 3991 3982 4288 4197 4305 4328 4192 4019 3867 3980 4284 4427 4159 3939 4188 4027 4187 3924 4136 3960 4278 4052 4140 3918 4181 4000 4083 4351 4204 4313 4372 4245 4203 4139 4651 4487 3984 4305 4227 3836 4070 4342 4108 4081 4358 4000 4096 4552 4303 3897 4439 4573 3322 4533 3928 4164 3481 4371 4028 3720 4055 3873 4170 4407 4514 4053 3501 3954 4025 4337 4154 4302 3638 4427 4184 4046 4253 4007 4069 4044 3914 3877 4309 4043 4405 4027 4197 4064 4063 4284 4205 3786 3941 3898 3903 4137 4450 4297 4074 4187 4202 3898 4132 4356 4315 4109 4018 4230 4032 4013 4049 4357 4190 3799 3729 3967 4243 3821 3688 4312 4227 4050 3992 4333 4024 4088 3981 4013 4269 4406 
4125 4253 4114 4297 4186 4052 4190 4216 4190 3886 4079 3840 4090 3520 4364 3865 4338 3861 3905 4166 3910 3755 4220 4006 4354 4209 4018 3898 3766 4013 3674 3920 4228 4132 3941 4225 4107 4026 3861 3938 3921 4355 4234 4204 3747 4324 3793 3701 3849 4022 4210 4037 4116 4307 4136 4109 4013 4032 3999 3671 4016 3920 3869 4103 4189 4062 3996 3870 4222 4060 4032 3947 4222 4079 3982 4171 4085 3853 3908 4209 4082 4333 3999 3889 3837 4003 4000 3842 3804 3817 4157 4186 4182 3634 3956 4090 3892 4425 4287 4163 4542 4350 4031 4030 4240 4115 4156 4053 4443 3959 3962 4351 4004 3848 3950 4371 4045 4490 4315 3879 4310 4626 3652 4536 3759 4209 3650 4156 4038 4082 4020 4226 4317 4160 4014 3842 3559 3959 3791 4129 4283 4274 3874 4129 3911 4080 4133 3925 3991 3923 4131 3859 4356 4104 4232 4019 4227 3977 4061 4320 4192 3944 3943 4025 4098 4099 4152 4252 3974 4153 4346 3913 4038 4334 3852 4037 4014 4276 4179 4229 4272 4259 4039 4054 3980 4093 4114 3928 3791 4251 4079 4015 3911 4202 4107 4049 3927 3991 3964 4393 
4571 4284 4226 4084 3785 3862 4067 4150 4138 3991 4141 3737 4113 3700 4333 3907 4317 3702 3699 4252 3703 3947 3959 4287 4102 4077 3866 4005 3736 4092 3969 4061 3791 4154 3625 4079 3954 4104 3708 3925 4044 4063 3986 3710 3836 4047 4154 3924 3933 3956 4186 3830 3929 3962 3908 3695 3988 4315 3832 3585 3767 3889 3940 4204 4090 3937 4018 3870 4303 4174 4033 3980 4107 3920 3877 3960 4256 3798 3841 3888 4283 4406 4032 3755 4184 3920 4090 3665 3944 3771 4294 4105 4050 3760 4165 4067 4135 4399 4028 4314 4308 4120 4155 3966 4142 4274 4348 4161 4063 4021 3867 4199 3897 3961 4286 4435 3980 4062 4341 3679 4248 4675 3427 4570 3597 4282 3552 4134 3953 3792 3903 3907 3954 4365 4356 3903 3390 4042 3775 4222 4081 4200 3682 3975 3897 3809 4127 3961 3850 3998 3809 3920 4001 3699 4265 4206 4129 3949 3921 4081 4195 3902 3878 3788 3709 4103 4357 4085 3941 4036 4302 3779 3923 4191 3860 3923 3891 4204 3831 4082 4127 4366 4074 3923 3999 3856 4168 3819 3532 4146 4144 3774 3716 4045 3899 4028 3886 3903 4168 4062 
4197 4099 4341 4181 3822 4133 4054 4254 4082 3891 4078 3843 4019 3645 4147 3843 4219 3790 3818 4203 3816 4003 3978 4042 4186 4241 4015 4003 3817 4053 4069 3969 3968 4171 3740 4336 3870 3750 4044 3850 4091 4185 4184 4002 3953 3983 4031 3840 4104 3863 4077 4061 4070 3921 3998 3995 4029 4128 3985 3690 3628 4080 4131 4257 4106 4035 3916 4052 4407 4315 4350 3858 4257 4228 4125 4042 4344 4071 3668 4127 4278 4346 4039 3883 4145 3996 4305 3918 4157 3771 4313 4217 3957 3758 3834 4044 4258 4270 4281 4314 4283 4081 4212 4180 4266 4218 4082 4062 3981 3903 3963 4072 4045 3831 4175 4333 4067 4179 4329 3811 4516 4663 3540 4482 3533 4074 3582 4039 4130 3724 3925 3755 4224 4481 4308 4065 3550 4078 4128 3948 4179 4204 3590 4126 4011 4053 4200 3791 3959 4117 4099 4161 4322 4065 4054 4099 4377 4268 4144 4120 3999 3873 4105 3800 3845 4176 4336 4199 4000 4080 4018 4033 3907 4180 3996 3964 3869 4284 4049 4197 4260 4316 4201 3630 3830 3774 4154 3820 3749 4142 4089 3889 3725 4382 3994 4416 4262 4213 4247 4109 
4146 4129 4024 3981 3807 3604 3715 3800 3797 3592 3668 3544 4031 3554 3960 3634 3817 3461 3504 3841 3628 3827 3763 3871 3856 3765 3470 3719 3701 3768 3694 3463 3842 3998 3479 3726 3978 3708 3494 3757 3825 3919 3791 3534 3622 3670 3569 3308 3746 3778 3740 3592 3795 3818 3800 3824 3595 3890 3582 3424 3623 3496 3708 3845 3699 3613 3776 3927 3941 4031 4072 3859 3905 3590 3740 4043 3942 3502 3666 3622 3844 3968 3866 3801 3764 3594 3811 3532 3696 3470 3844 3891 3673 3583 3780 3833 3888 3727 3906 3923 3988 4037 3770 3877 3981 3840 3591 3684 3844 3641 3569 3885 3512 3430 3842 4024 3751 3872 4103 3458 3924 4316 3171 4179 3491 3699 3307 3593 3727 3633 3685 3490 3820 4091 3948 3835 3443 3587 3743 3944 3870 4186 3427 3838 3787 3624 3997 3740 3635 3861 3730 3807 3910 3794 3980 3845 4034 3829 3678 3986 3764 3399 3726 3683 3696 3774 3953 3670 3617 3946 3933 3279 3662 3952 3893 3719 3797 3827 3698 3790 3920 4017 3876 3513 3663 3550 4013 3607 3495 3837 4102 3461 3615 3895 3971 3973 3727 3774 3910 4006 
4510 4340 4510 4770 4345 4522 4410 4546 4596 4215 4456 4042 4301 3887 4557 4152 4728 4040 4212 4254 4240 4153 4368 4568 4429 4415 4208 4412 4245 4306 4300 4158 4381 4323 3981 4441 4126 4134 4245 4106 4483 4680 4584 3867 4013 4319 4189 4342 4364 4299 4588 4224 4208 4449 4430 4580 4440 4349 4299 3996 4168 4156 4386 4476 4207 4215 4124 4277 4439 4501 4655 4204 4296 4121 4276 4411 4461 4246 4135 4437 4487 4667 4531 4259 4228 4263 4486 4056 4087 4211 4458 4614 4293 3873 4401 4567 4317 4391 4555 4308 4775 4601 4481 4419 4606 4523 4438 4299 4338 4088 4170 4541 4461 4026 4370 4612 4309 4740 4680 4089 4549 5100 3637 4887 4002 4312 3921 4345 4427 4168 4164 4360 4678 4505 4351 4138 4045 4422 4349 4460 4300 4607 4065 4526 4220 4337 4441 4313 4130 4360 4294 4367 4458 4479 4502 4381 4470 4390 4348 4389 4471 4223 4291 3971 4176 4424 4778 4482 4121 4464 4582 4019 4295 4401 4589 4512 4355 4595 4115 4328 4575 4588 4553 3990 4237 4262 4553 4186 4156 4461 4641 4209 4023 4459 4283 4565 4388 4622 4173 4481 
3920 3934 3995 4340 3817 3958 3992 4077 4010 3736 3866 3587 4003 3405 4261 3478 4072 3486 3627 4074 3503 3637 3743 4003 4077 3922 3978 3859 3689 4050 3549 3848 3863 3879 3457 3997 3937 3931 3660 3813 3815 4102 3989 3594 3715 3937 3605 3799 3582 3831 4082 3632 3722 3936 3618 3915 3746 3775 3611 3619 3568 3600 3782 3828 3977 3635 3589 3778 4046 3944 3810 3634 3831 3583 3975 4101 3750 3658 3730 3880 3859 3866 3822 3934 3589 3633 3925 3592 3576 3526 4098 3966 4086 3570 3770 4027 3833 3973 3823 3953 4110 3947 4088 3911 4068 4107 3801 4072 4088 3595 3831 4075 3773 3684 3690 4094 3993 4053 4017 3685 4004 4358 3035 4190 3637 4030 3373 3719 3804 3598 3902 3770 4048 4082 4157 3701 3335 3651 3862 4132 3682 4154 3516 4162 3774 3906 3988 3929 3912 3694 3732 3597 3695 3717 4010 3878 4080 3850 3785 4050 3941 3599 3827 3559 3828 3898 4083 4060 3737 3760 4012 3504 3814 3921 3815 3841 3976 3832 3985 3888 3909 4080 3888 3376 3448 3892 4012 3556 3596 3828 4147 3742 3632 3874 3943 3976 3669 3878 3782 4283 
4134 4056 4175 4059 3647 4059 4097 3771 3845 3656 4041 3536 4014 3584 4161 3805 4298 3516 3526 3930 3840 3836 3945 3741 4214 3786 3772 3715 3781 3860 3694 3762 3819 4083 3654 4126 3857 3569 3619 3970 3981 3989 4100 3641 3961 3855 3810 3617 3832 3925 4021 3794 3932 4101 3727 3961 3884 3654 3796 3416 3582 3827 3790 4007 3857 3910 3518 4012 4025 4160 4022 3726 4105 3814 4002 4102 4045 3884 3614 3938 3795 3951 3807 3714 3642 3732 3989 3447 3906 3644 4103 3934 3902 3569 3929 3980 3915 4155 4110 3877 3987 4083 3826 3988 4391 4098 3797 3834 3896 3663 3844 3757 3915 3739 4115 4298 4075 4253 4153 3683 4184 4516 3198 4331 3726 3763 3234 3817 3896 3564 3559 3830 4271 4105 4039 3833 3607 3864 3737 4146 4072 4114 3277 3996 3888 4037 4189 3851 3780 3681 3880 3969 4054 3835 4238 3662 4174 3954 3976 4201 3972 3743 4164 3339 3772 3818 4303 4011 3802 4103 3873 3435 3965 4196 3945 4005 3951 4087 3946 3976 4027 3881 3931 3725 3749 3725 4159 3823 3691 4049 3878 3910 3780 3973 3775 3971 3852 3972 4047 4116 
4411 4115 4070 4117 3822 3912 4001 4132 4039 3780 3782 3794 4083 3736 4301 3607 4042 3481 4075 3900 3735 3721 3932 3822 4235 4189 3703 3847 3667 4029 3795 3752 3957 3978 3671 4223 4302 3838 3714 3982 3890 4266 4153 3849 3821 4077 3804 3633 3733 3938 3950 3735 4095 3995 3763 3921 4153 3841 4013 3548 3718 3786 4024 4080 4179 3727 3899 3764 4300 4065 4119 3775 4175 3752 4039 3891 4262 3694 3743 3966 4099 4224 4064 4004 4087 4114 4024 3992 4013 3800 4075 3892 3899 3809 3887 3988 4047 4203 3806 4185 4249 4098 4137 4026 4488 4138 4091 3831 4138 3897 4087 4168 4067 3825 4141 4123 4173 4271 3982 3952 4533 4654 3498 4458 3601 3988 3419 4113 3797 3609 3917 3804 4167 4225 4107 3850 3682 4119 4046 4085 4106 4430 3715 4131 3961 3919 4040 4000 4060 3874 4095 3901 3985 3949 4256 4211 4221 4010 3890 4489 3996 3761 3887 3815 3928 4193 4252 4396 3723 4205 4009 3611 3897 4090 3893 4168 4035 3747 3992 4216 4176 4212 3981 3703 3617 3672 4309 3658 3627 3939 4142 3916 3734 4299 3984 3983 4213 4112 4134 4161 
3723 3604 3571 3446 3294 3588 3667 3751 3562 3380 3848 3432 3532 3253 3742 3217 3876 3191 3285 3532 3311 3306 3460 3692 3686 3728 3483 3641 3537 3951 3444 3456 3644 3711 3352 4037 3702 3717 3070 3387 3697 3685 3792 3391 3401 3770 3371 3313 3354 3550 3815 3510 3799 3822 3637 3597 3403 3598 3482 3071 3336 3618 3530 3684 3686 3496 3542 3509 3655 3527 3556 3483 3691 3533 3632 3703 3662 3340 3532 3813 3718 3810 3503 3528 3325 3680 3562 3457 3602 3279 3655 3520 3740 3251 3449 3460 3760 3621 3706 3540 3914 3915 3817 3542 3836 3640 3742 3788 3790 3658 3435 3899 3682 3304 3673 3749 3712 3793 3676 3511 3777 4057 3095 4008 3249 3669 3191 3660 3435 3397 3576 3597 3826 3807 3639 3478 3137 3530 3377 3755 3940 3700 3369 3733 3465 3537 3587 3352 3582 3384 3590 3475 3526 3699 3594 3744 3732 3551 3677 3801 3662 3599 3517 3290 3476 3753 3982 3660 3476 3537 3954 3496 3526 3613 3391 3566 3419 3578 3604 3443 3563 3909 3697 3427 3369 3397 3720 3511 3348 3715 3566 3682 3386 3736 3510 3741 3615 3655 3638 3668 
4372 4509 4447 4597 4168 4319 4426 4576 4502 4162 4397 4160 4421 3877 4437 4058 4715 3964 4178 4323 4205 4079 4126 4167 4403 4567 4233 4266 4218 4313 4082 4103 4361 4321 3900 4643 4076 4283 3929 4344 4506 4503 4382 3999 4077 4275 4224 4070 4017 4471 4462 4088 4469 4415 4383 4422 4423 4234 4295 3703 4075 4125 4335 4291 4558 4019 4124 4209 4435 4308 4176 4451 4401 4249 4666 4263 4247 4080 3922 4321 4324 4459 4303 4278 4201 4240 4379 4142 4432 4067 4480 4387 4193 4173 4279 4242 4370 4464 4363 4363 4682 4388 4384 4485 4649 4589 4360 4300 4351 4183 4324 4632 4086 3914 4483 4465 4303 4783 4696 4274 4529 4885 3471 4774 4014 4495 3670 4074 4128 4009 4079 4338 4296 4538 4535 3979 4120 4244 4122 4372 4139 4523 4221 4499 4232 4392 4506 4066 4367 4123 4208 4234 4537 4273 4619 4451 4426 4102 4240 4425 4319 4209 4241 4015 4048 4246 4734 4539 4149 4105 4416 4321 4170 4465 4100 4320 4183 4403 4436 4381 4549 4414 4387 4077 4126 4205 4323 4172 3850 4434 4485 4281 3998 4398 4363 4652 4306 4235 4474 4649 
4443 4514 4593 4448 4185 4475 4412 4476 4361 4172 4298 4055 4442 4044 4465 4032 4752 4147 4061 4382 4162 4174 4363 4264 4524 4308 4172 4134 4100 4359 4225 4234 4284 4200 4085 4453 4191 4316 4015 4240 4237 4394 4544 3899 3845 4338 4075 3878 4443 4583 4372 4060 4260 4329 4237 4415 4144 4294 4240 3851 3958 4244 4242 4325 4379 4140 4206 4299 4465 4465 4444 4201 4414 4387 4417 4364 4322 4279 4074 4272 4456 4640 4356 4170 4268 4199 4363 4109 4092 3943 4544 4555 4354 3960 4159 4489 4399 4469 4496 4314 4560 4657 4327 4400 4513 4449 4559 4445 4429 4007 4283 4403 4341 3944 4446 4591 4256 4502 4840 4181 4434 4905 3566 5012 4127 4306 3855 4422 4122 4150 4101 4196 4524 4694 4553 4080 4015 4211 4021 4339 4266 4399 4213 4400 4147 4287 4481 4193 4150 4173 3958 4381 4561 4227 4432 4210 4462 4170 4434 4525 4314 4333 4345 4035 4008 4250 4572 4344 4167 4327 4389 4216 4099 4207 4305 4115 4416 4319 4095 4191 4205 4366 4433 3879 3860 4059 4056 4286 3763 4494 4320 4170 3910 4390 4427 4433 4205 4578 4458 4428 
4278 4149 4386 4330 4121 4052 3992 4166 4446 3994 4386 3727 4322 3858 4254 3952 4472 3728 3825 4228 4060 4053 4051 4164 4322 4176 3995 4101 3871 4325 3951 3866 3939 4183 4106 4128 4041 3906 4025 4106 4136 4193 4082 4020 4052 4169 3941 3823 4211 4069 4328 4133 4199 4059 3841 4239 4102 4309 4031 3983 3892 4031 4136 4421 4150 3899 3905 4084 4186 4229 4252 3984 4234 4109 4259 4061 4181 3935 3815 3931 4195 4226 4116 4038 4146 3946 4271 3915 4106 3965 4396 4304 4112 3957 4142 4130 4368 4168 4136 4121 4295 4250 4308 4025 4570 4238 4176 4162 4237 4005 3921 4219 4147 3936 4343 4267 4238 4125 4490 3970 4422 4438 3729 4601 4021 4053 3487 4202 4076 3793 4037 3924 4200 4621 4220 3971 3687 3950 4213 4219 4146 4248 3723 4323 3886 4300 4511 3779 3929 4107 4043 4083 4277 4016 4238 4135 4428 4098 4159 4313 4253 4002 4213 3808 3966 4222 4433 4154 4176 4126 4070 3862 4154 4411 4231 4259 4116 4281 4067 4325 4016 4146 4068 3813 3731 4046 4302 3954 3824 4078 4242 3898 3823 4510 4258 4232 4150 4267 4155 4373 
4334 4072 4043 4160 3979 3985 4211 4265 4043 3620 3966 3666 4097 3600 4352 3614 4276 3695 3699 4137 3779 3813 3871 4043 4162 4154 3959 3836 3953 4276 3745 3790 3997 4207 3774 4280 3919 3722 3701 4062 3912 4205 4191 3864 3860 4104 3765 3725 3842 3993 4167 4061 4075 4089 3705 4180 3853 3985 3803 3553 3618 3885 3973 4362 3985 3859 3776 3960 3949 4389 4109 3853 4064 4010 4144 4010 4173 3836 3701 3917 3947 4131 4184 3951 3815 3844 4060 3532 3927 3925 4124 4065 4113 3599 3915 3956 3937 4131 4086 4118 4231 4032 4265 3992 4276 3961 4042 3984 3899 3851 3816 4150 3922 3667 4193 4358 3971 4215 4146 3623 4211 4477 3609 4399 3787 4010 3579 4049 3979 3750 3733 3944 4145 4265 4101 3941 3558 3777 3931 4113 4124 4138 3574 4104 4123 3858 4114 3874 3759 3898 4083 3927 4074 4137 4148 4091 4305 4143 4022 4033 3934 3863 4106 3712 3818 3991 4491 3891 3982 4057 4143 3669 3708 4049 3977 3977 3944 3923 3735 3885 3962 4264 4192 3883 3742 3890 4046 3865 3678 4042 3992 3755 3519 4063 4096 4174 4053 3991 3989 4186 
4303 4292 4179 4452 4149 3809 4339 4103 4029 3967 4246 3836 4081 3803 4102 4083 4293 3723 3737 4187 3767 4019 4207 3999 4059 4132 3942 3909 4011 4159 3934 4103 4075 3963 3864 4136 4034 3979 3744 4125 4160 4464 4038 3882 3980 4262 4086 3863 3959 3957 4048 3929 4205 4274 3930 4177 3989 4115 3845 3549 3785 3958 3979 4301 4038 3875 3962 3881 4163 4206 4211 4004 3988 3890 4050 4057 4076 3801 3965 4232 4100 4323 4186 3843 4002 4110 3898 3607 4075 3775 4206 4303 3935 3727 4085 4090 3892 4043 4144 4095 4386 4350 4090 4289 4386 3991 3733 3939 4105 3968 3893 4285 4171 3538 4371 4313 4318 4295 4279 3631 4285 4479 3324 4549 3533 3971 3346 4095 3735 3802 3841 3942 4076 4254 4166 3971 3666 3877 3969 4115 4132 4244 3743 4114 3870 4042 4447 3807 4007 4196 3737 4212 4094 3887 4477 3977 4325 4034 4061 4276 3872 3697 3972 3644 3929 4193 4405 4125 4055 3905 4448 3742 3741 4163 3785 3770 4122 3981 3954 4214 4225 4285 4050 3638 4050 3869 4092 3926 3633 4116 4096 3809 3711 4331 4119 4230 3992 4143 4064 3997 
3899 3890 4092 4169 3832 3851 4013 3922 3901 3777 3874 3523 4068 3415 4030 3634 4227 3517 3694 4048 3641 3694 3732 3954 4104 3948 3502 3889 3751 4004 3741 3871 3849 3888 3733 3888 3987 3832 3816 3868 3813 3926 3983 3886 3339 3917 3664 3677 3597 3861 4010 3483 3805 3941 3739 3822 3777 3860 3811 3554 3509 3502 3722 4191 3878 3696 3792 3858 3925 4206 3991 3768 4059 3818 4151 3900 4014 3865 3645 3760 3692 4015 3702 3905 3891 3914 4117 3907 3982 3678 4000 4006 3801 3550 3823 3957 3926 3900 4046 3800 4282 4240 4136 3919 4200 3980 3823 3938 3881 3730 4006 4156 4064 3539 4015 3986 3957 4073 4027 3934 4227 4234 3263 4452 3728 3888 3432 3932 3963 3789 3739 3645 3996 4190 4161 3620 3585 3874 3633 3993 3976 4273 3323 4077 3747 3795 4004 3700 3849 3990 3908 3888 4153 3798 4039 3992 4042 3847 3793 3982 3930 3786 3870 3473 3628 4127 4016 4060 3981 3731 4049 3443 3917 3971 4069 3925 3925 4102 3995 4057 3880 4184 4059 3572 3479 3676 4047 3599 3242 3948 3974 3815 3562 4035 3957 3801 3856 4188 3959 4111 
4267 4529 4154 4194 3881 3898 3974 4194 4240 3961 4181 3742 4307 3898 4009 4083 4424 3680 3875 4209 4027 3758 4259 4083 4281 4295 4073 3960 3928 4227 3987 4028 4234 4106 3914 4203 4366 3992 3913 3999 4191 4233 4178 3918 3792 4232 4118 4054 3978 4114 4383 4124 3990 4113 4088 4177 3987 4046 3937 3519 3957 3888 4155 4409 4081 3985 3946 4104 4315 4233 4136 3925 4182 3967 4152 4087 4197 3965 3771 4047 4205 4266 4027 3962 3963 3815 4214 3674 4134 3731 4392 4234 4097 3957 4116 4316 4102 4237 4084 4193 4511 4277 3955 4204 4333 4168 4030 4393 4124 4153 4051 4453 3815 3880 4189 4474 4093 4287 4551 3961 4219 4747 3457 4590 4010 4293 3578 4180 4032 3820 3873 3910 4192 4369 4381 4015 3814 4037 3887 4035 4215 4331 3818 4347 3752 4117 4382 3912 3904 4114 4111 4014 4175 4084 4555 3976 4299 3938 4017 4236 4067 3798 3979 3771 3971 4176 4588 4310 4031 4112 4355 3983 4263 4100 4067 4108 4207 4112 4490 4176 4166 4508 4128 3640 3950 3903 4010 4219 3669 4280 4221 4012 3966 4399 4209 4271 4040 4078 4266 4248 
4439 4500 4467 4654 4432 4401 4614 4613 4478 4095 4323 3815 4487 3797 4384 4302 4628 4125 4047 4699 4005 4079 4374 4604 4476 4399 4244 4159 4287 4567 4204 4158 4413 4349 4098 4475 4420 4208 4171 4292 4153 4268 4643 4174 3955 4476 4026 4308 4254 4234 4222 4258 4301 4380 4121 4445 4344 4408 4278 4123 4135 4200 4416 4566 4424 4161 4343 4422 4451 4541 4682 4256 4363 4246 4454 4413 4459 4334 4162 4318 4359 4705 4416 4212 4458 4484 4503 4137 4315 3816 4703 4459 4292 4074 4240 4364 4319 4706 4327 4550 4659 4376 4393 4292 4429 4254 4581 4543 4336 4140 4278 4540 4287 4161 4602 4621 4376 4669 4692 4166 4763 4942 3644 5069 3968 4520 4059 4316 4188 4052 4211 4089 4396 4529 4616 3998 3983 4476 4214 4450 4308 4502 4192 4485 4470 4244 4391 4298 4164 4335 4370 4493 4518 4279 4471 4174 4340 4466 4345 4589 4419 4185 4314 4018 4235 4517 4522 4226 4423 4411 4473 4121 4301 4223 4344 4289 4558 4293 4231 4419 4182 4460 4529 4090 3843 4196 4335 4232 3949 4456 4546 4216 4109 4545 4288 4589 4259 4528 4411 4465 
4357 4721 4674 4611 4253 4284 4315 4428 4299 4028 4510 4002 4422 3815 4346 4066 4681 3947 3927 4512 4239 4135 4169 4459 4637 4377 4257 3850 4112 4565 4482 4104 4269 4220 3964 4593 4314 3962 4162 4165 4412 4463 4196 3945 4144 4466 4239 3977 4332 4254 4421 3941 4259 4397 4086 4526 4191 4298 3922 4000 4099 4278 4290 4473 4196 4301 4157 4114 4424 4316 4477 4146 4269 4204 4437 4471 4211 3933 3949 4106 4154 4435 4238 4113 3934 4322 4243 4013 4459 3912 4613 4212 4029 3985 4506 4543 4334 4317 4419 4261 4437 4461 4554 4642 4622 4437 4339 4330 4389 3988 4033 4667 4369 4108 4491 4432 4328 4686 4859 3909 4535 4784 3686 4709 4012 4263 3891 4294 4219 3883 4327 4393 4365 4707 4317 4207 4003 4165 4352 4456 4387 4469 3626 4549 3985 4138 4516 3991 4272 4164 4026 4084 4350 4028 4340 4236 4434 4355 4134 4535 4329 3999 4297 4129 4133 4525 4613 4235 4214 4357 4270 3933 4595 4296 4210 4107 4189 4236 4258 4181 4260 4418 4230 3854 3932 4192 4287 4198 3863 4288 4550 4190 4165 4613 4324 4433 3978 4402 4379 4319 
4244 4342 4446 4489 3950 4171 4344 4327 4393 4120 4211 3937 4527 3941 4304 4029 4589 4084 3894 4301 3964 4093 4342 4234 4460 4642 4316 4171 4223 4295 4171 4068 4450 4159 3924 4399 4379 4019 3926 4111 4041 4300 4481 4291 4097 4266 4266 3959 4164 4075 4522 4370 4304 4252 4218 4228 4316 4293 4120 3817 4065 4047 4257 4318 4301 4099 4100 4048 4325 4425 4337 4124 4296 4207 4464 4132 4282 4225 3779 4202 4281 4284 4458 4069 4216 4112 4449 3966 4460 3617 4306 4378 4304 4280 4103 4404 4328 4454 4250 4206 4625 4422 4308 4266 4476 4465 4372 4236 4241 4129 4100 4409 4131 3968 4376 4464 4298 4492 4446 4178 4707 4970 3749 4826 3949 4143 3535 4220 4218 4044 4195 4085 4394 4580 4362 3994 3865 4445 4044 4402 4161 4298 3873 4420 4023 4322 4472 3856 4163 4312 4326 4189 4400 4104 4468 4276 4308 4529 4298 4258 4257 4250 4359 4079 4185 4306 4705 4111 4221 4486 4272 4072 4122 4396 3977 4168 4177 4439 4003 4522 4188 4135 4240 3825 3929 4182 4215 4224 4027 4145 4292 4234 3958 4417 4506 4548 4448 4421 4325 4743 
4186 4086 4203 4120 3891 3957 4270 4380 4164 3680 3906 3704 4223 3492 4013 3700 4478 3672 3487 4248 3806 3825 3813 4028 4142 4094 3970 3900 3901 3928 3806 3897 4015 3821 3526 4200 4014 3780 3698 3878 4022 4099 3984 3616 3685 4104 3834 3701 3863 3969 4055 3806 4106 3886 3891 4133 4206 3938 3884 3643 3693 3886 3953 4174 3996 3683 3826 3996 4134 4115 3919 3817 3870 3831 4252 4003 4095 3641 3771 3845 4112 4021 3976 3822 3825 3940 4120 3665 3924 3682 4199 4066 3939 3793 3937 4076 3995 4170 4020 3893 4239 4093 4224 4067 4414 4053 4120 3960 3928 3880 3657 4156 3906 3831 4083 4152 3851 4266 4125 3828 4208 4835 3248 4441 3589 4008 3504 4054 3870 3611 3740 3703 3924 4176 4020 3814 3626 4002 4077 4057 3883 4053 3732 4037 3921 4156 4125 3752 4042 4068 3812 3895 4075 4054 4159 4014 4097 4113 3919 3949 4092 4032 3987 3671 3839 3961 4379 4107 3957 3902 4121 3653 3863 4072 3899 3967 3891 4000 3961 4010 4133 4095 3785 3518 3684 3895 3986 3882 3633 3905 4331 3650 3844 4056 4003 4193 4022 4132 4165 4294 
4480 4455 4575 4263 3962 4237 4281 4464 4246 4264 4601 3791 4363 3909 4179 3945 4494 3866 3735 4628 3915 4272 4141 4394 4360 4216 3865 3990 3965 4271 4004 3991 4073 4061 3930 4279 4403 4120 3805 4005 4221 4253 4166 3754 4083 4314 4335 3866 4090 4250 4202 3996 4129 4103 4118 4399 4049 4360 4015 3568 3871 4142 4144 4472 4154 3994 4070 4048 4474 4192 4380 4150 4310 4096 4269 4367 4384 3939 3956 4251 4412 4259 3991 4019 4175 4143 4379 3906 4289 3899 4082 4264 4185 3888 4198 4394 4062 4649 4287 4249 4626 4384 4371 4250 4521 4445 4321 4234 4195 3945 4115 4324 4060 4173 4264 4513 4123 4528 4476 3999 4351 5110 3476 4694 3918 4199 3894 4227 4322 3940 4104 3894 4143 4467 4275 4176 3933 4050 4368 4415 4372 4289 3971 4227 4057 4103 4594 4082 4029 4274 4159 4063 4224 4147 4524 4129 4087 4461 3922 4356 4247 3914 4264 3882 3917 4449 4480 4310 4132 4205 4355 3889 4404 4260 4273 4117 4107 4529 4218 4242 4135 4671 4017 3702 4126 3928 4240 4074 3731 4463 4403 3989 4075 4343 3956 4425 3938 4186 4235 4433 
4103 4353 4315 4428 3857 3947 3891 4299 4395 3960 4343 3569 4117 3924 4280 3994 4553 3851 3844 4315 3748 4089 3925 4053 4174 4069 4032 4056 3939 4124 3925 3846 4151 4122 3765 4193 4102 3925 3809 3618 4117 4077 4221 3850 3923 4271 4046 3812 4000 4245 4303 3868 4139 4030 3966 4179 4080 4084 3997 3471 3910 3995 4027 4010 4126 4157 3991 4177 4137 4116 4167 4007 4152 3972 4004 4044 4014 4022 3820 4097 3981 4129 4020 3847 4134 3953 4251 3874 4107 3742 4351 4278 4106 3839 4149 4028 4034 4146 4312 4034 4110 4355 4361 4032 4423 4069 4096 4373 4137 3894 4065 4231 4125 3895 4036 4361 4109 4318 4410 3811 4281 4563 3454 4411 4023 4158 3690 3915 4134 3894 3853 3903 4030 4246 4405 3846 3965 3983 4091 4337 3874 4006 3862 4293 4069 3923 4232 3624 3881 3920 3994 4233 4268 3996 4252 4131 4182 4179 4046 4359 3899 3736 3954 3679 3989 3984 4299 4031 4240 4001 4306 3915 4043 4253 4096 3867 4274 4216 3979 4288 4037 4306 4097 3661 3947 3845 3947 4021 3587 4281 4251 4075 3726 4210 3979 4211 4036 4262 4165 4481 
4376 4182 4600 4419 3921 4233 4288 4358 4490 3851 4194 3831 4350 3782 4338 4087 4625 3867 3790 4168 4160 4114 4101 4358 4577 4043 4143 4209 4040 4408 4017 4005 4052 4075 4011 4476 4119 4261 3887 3991 4368 4359 4210 4027 3981 4266 4065 4026 4287 3962 4406 4066 4272 4076 4066 4402 4015 4113 4183 3847 4104 4025 4199 4537 4029 4258 3963 4045 4091 4273 4446 3925 4213 4127 4101 4345 4022 4150 4001 4269 4189 4460 4235 3938 4156 4045 4282 4073 4145 3952 4514 4369 4207 3948 4230 4445 4016 4554 4210 4157 4368 4342 4254 4189 4462 4296 4080 4389 4171 3887 4105 4343 4246 3828 4210 4424 4243 4551 4589 3929 4329 4663 3714 4654 3971 4306 3636 4159 4238 3908 4034 4134 4385 4633 4513 3880 3813 4089 4066 4430 4160 4234 3837 4453 4140 4129 4372 3953 3983 4184 4195 4187 4586 4273 4417 3869 4296 4155 4188 4315 4213 3911 4235 3745 3942 4152 4626 4187 4217 4402 4360 3995 4243 4274 4248 4238 4241 4314 4150 4192 4291 4242 3934 3887 4012 4178 4106 3992 3750 4480 4237 3893 3983 4288 4115 4238 4344 4118 4286 4411 
4514 4453 4564 4599 3858 4297 4546 4592 4513 4243 4663 4089 4720 3777 4621 4120 4752 3988 4005 4419 4219 3848 4150 4425 4615 4237 4014 4378 4306 4421 4229 4247 4313 4385 4002 4671 4177 4280 4203 4320 4234 4469 4525 4267 3696 4475 4283 4288 4335 4377 4482 4251 4103 4263 4100 4331 4308 4234 4400 4022 4290 4299 4332 4494 4372 4108 4091 4347 4361 4509 4601 4069 4500 4276 4613 4438 4551 4151 4306 4390 4345 4719 4372 4038 4311 4394 4569 4244 4273 4269 4567 4538 4493 4001 4362 4531 4463 4720 4589 4455 4904 4501 4561 4164 4755 4510 4544 4273 4400 4188 4342 4488 4454 4224 4120 4729 4367 4834 4487 4190 4652 4945 3565 4787 4205 4552 3900 4271 4545 4225 4315 4109 4674 4667 4712 4175 3935 4562 4385 4577 4251 4486 4142 4749 4499 4538 4480 4256 4230 4336 4427 4205 4607 4377 4349 4268 4561 4466 4458 4504 4582 4247 4435 4142 4240 4650 4646 4445 4408 4384 4430 4158 4449 4419 4686 4218 4237 4350 4348 4290 4393 4566 4561 3670 3833 4504 4660 4278 3912 4604 4570 4140 4059 4390 4383 4439 4237 4632 4542 4531 
4338 4336 4318 4426 4020 4360 4301 4274 4331 4090 4336 3952 4302 3870 4458 4065 4569 3891 3982 4476 4084 4267 4089 4172 4297 4517 4156 4217 3943 4273 4098 4153 4081 4444 3783 4375 4302 4280 4115 4225 4219 4478 4215 3990 3989 4312 4310 4076 4144 4144 4317 4045 4219 4130 4272 4420 4047 4404 4198 3870 4177 3832 4059 4473 4217 4097 4282 4211 4306 4224 4355 4295 4432 4179 4417 4326 4176 4140 3961 4224 4340 4368 4186 4226 4368 3985 4336 3959 4461 3781 4651 4309 4088 4118 4257 4117 4306 4634 4267 4342 4486 4535 4270 4120 4478 4241 4345 4342 4347 4118 4057 4623 4204 4104 4389 4394 4103 4425 4595 3992 4583 4860 3742 4740 3810 4461 3787 4023 4168 4059 4030 3879 4282 4572 4448 4127 3804 4168 4326 4412 4347 4239 3817 4459 4320 4289 4485 3989 4105 4447 4244 4079 4467 4372 4567 4095 4339 4269 4002 4603 4219 3924 4155 4092 4021 4230 4753 4539 4447 4168 4370 3982 4086 4300 4105 4312 4231 4442 4169 4396 4468 4652 4291 4091 3955 4021 4139 4164 3964 4380 4333 4135 4021 4358 4250 4376 4207 4168 4341 4420 
4579 4389 4489 4270 3961 4091 4187 4376 4261 4086 4426 4090 4395 3819 4478 3982 4544 3886 3897 4298 3963 3981 4136 4280 4563 4356 4148 4157 4222 4380 4015 4034 4301 4288 3914 4331 4231 4254 3800 4174 4089 4258 4508 3977 4042 4306 4189 3928 3933 4194 4225 4020 4251 4319 3933 4507 4121 4220 4230 3636 4141 4120 4267 4548 4504 4003 4099 4057 4402 4324 4464 4019 4280 4170 4417 4225 4505 3998 4014 4478 4234 4472 4159 4101 4117 4209 4268 4054 4326 3794 4583 4414 4235 4135 4392 4450 4427 4415 4416 4492 4708 4514 4418 4200 4661 4342 4341 4101 4325 4244 4116 4378 4141 4226 4230 4334 4211 4524 4469 4030 4531 4881 3646 4678 4132 4203 3782 4207 3836 4103 4126 4205 4286 4511 4362 4232 3749 4246 4167 4328 4246 4372 3845 4303 4081 4172 4457 4247 4196 3983 4321 4023 4291 4367 4404 4140 4350 4258 4328 4718 4410 4027 4329 4084 4294 4414 4579 4449 4164 4225 4375 3979 4448 4456 4312 4125 4105 4052 4379 4449 4450 4604 4406 3632 3841 3933 4153 4274 3879 4452 4311 4119 4027 4387 4202 4560 4175 4357 4351 4387 
4237 4068 4625 4324 3915 4150 4128 4241 4315 3867 4156 3740 4300 3712 4275 3845 4594 3878 3912 4229 4035 4011 4241 4166 4360 4222 4073 4114 3928 4394 4031 3934 4072 4156 4006 4086 4162 3977 3816 3990 4062 4218 4236 4010 3930 4215 3886 3838 3993 4200 4218 3932 4366 4215 3982 4081 4124 4311 3900 3937 3798 3894 3832 4516 4145 4123 3996 4044 4218 4221 4398 4095 4121 4059 4263 4113 4219 3923 3782 3992 4058 4386 4037 4118 4185 4111 4228 4082 4315 3805 4519 4381 3965 3949 4198 4123 4204 4205 4482 3802 4517 4359 4267 4123 4404 4169 4324 3999 4109 3892 3964 4405 4407 3748 4251 4170 4204 4374 4672 3899 4348 4685 3540 4762 3988 4132 3513 4186 4071 4122 4064 4033 4121 4687 4209 3898 3803 4027 4187 4338 3944 4316 3784 4160 4020 4175 4470 3897 3894 4136 4049 4094 4234 4056 4303 4204 4401 4311 3942 4484 4159 4099 4022 3793 4097 4253 4521 4052 4042 4258 4148 3800 3909 4070 4147 4127 4130 4379 4135 4321 4108 4103 4115 3822 3866 3823 4155 3930 3754 4105 4190 3907 3629 4289 4236 4021 4242 4272 4208 4488 
4410 4542 4575 4273 4022 4106 4378 4376 4313 4041 4242 4039 4473 3747 4201 4157 4524 3842 3791 4607 4100 4065 4257 4284 4407 4364 4174 4071 4022 4407 3987 4104 3967 4123 3729 4247 4235 4406 3927 4305 4362 4240 4398 4147 3928 4226 4166 4164 4239 4382 4455 4127 4326 4125 4062 4437 4167 4274 4088 3974 3976 4023 4141 4150 4114 4161 4178 4190 4548 4476 4231 4263 4392 4189 4390 4358 4094 3901 3699 4156 4390 4483 4083 3947 3934 4090 4102 3998 4223 3777 4314 4210 4115 4051 4189 4214 4194 4234 4315 4150 4646 4585 4233 4215 4483 4147 4133 4424 4267 3978 4140 4506 4312 3770 4425 4408 4420 4594 4540 4078 4376 4826 3160 4720 4081 4255 3605 4304 4284 4068 4116 3991 4381 4540 4698 4013 3715 4208 4252 4284 4069 4285 4030 4249 4296 4232 4444 4142 3982 4051 4048 4154 4329 4089 4363 4266 4424 4077 4267 4475 4401 4240 4440 3871 4177 4316 4542 4229 4054 4006 4380 3855 4143 4145 4248 4288 4232 4415 4177 4240 4144 4493 4134 3853 3804 4018 4398 3936 3850 4343 4335 3953 3947 4261 4175 4296 4061 4087 4399 4520 
4223 4214 4188 4330 3782 3681 4078 4136 4101 3914 4120 3663 4121 3460 4284 3860 4580 3593 3648 3989 3920 3716 4018 4018 4041 4143 3837 3751 3937 3950 3910 3881 3854 4048 3833 4345 3896 3844 3854 3886 4101 3993 4066 3727 3685 3989 3986 3891 4163 3819 4091 3739 3996 4135 4037 4065 3864 3936 3955 3591 3956 3847 3872 4136 3858 3811 3984 3914 4049 4068 4178 3903 4118 3971 3944 4202 4139 3619 4037 3962 3952 4138 3899 4022 3863 3838 4115 3748 3966 3416 4154 3956 3921 3772 4127 4051 4193 4110 4074 3892 4183 4463 4288 4067 4292 4064 3848 4058 4062 3980 3938 4172 4065 3887 4090 4136 3967 4262 4429 3865 4253 4253 3506 4343 3750 4082 3453 4074 4076 3683 3790 3851 4212 4318 4100 3897 3691 4153 3963 4191 4018 4151 3774 4224 3821 4030 4394 3836 3849 3976 4026 3957 4197 3918 4112 3899 4089 3931 3989 4098 3984 3650 4020 3761 3843 4113 4449 4077 3725 4066 4106 3605 4110 4397 3951 3885 4208 4263 3872 3838 4070 4168 3990 3704 3658 3788 4230 3881 3755 4145 4275 3683 3724 4075 4164 4113 4073 4161 4166 4184 
4516 4461 4676 4312 4094 4454 4263 4345 4644 4155 4336 4071 4407 4017 4425 4008 4802 3939 4069 4464 4066 4456 4278 4011 4447 4399 4030 4337 4312 4270 4282 4232 4418 4164 4031 4558 4330 4370 3877 4262 4323 4549 4513 4131 3923 4231 4095 4190 4314 4408 4401 4141 4394 4208 4170 4318 4321 4431 4233 3860 4122 4195 4288 4479 4298 4376 4194 4243 4521 4349 4187 4321 4634 4225 4319 4291 4352 4204 3818 4187 4322 4537 4344 4134 4346 4203 4331 4212 4475 3780 4699 4464 4256 4074 4397 4328 4437 4551 4549 4461 4543 4400 4211 4237 4663 4489 4418 4323 4447 4232 4178 4330 4340 4087 4374 4527 4161 4383 4878 4150 4723 4904 3767 5073 4092 4431 3709 4536 4160 4092 4308 4220 4358 4768 4624 4126 3972 4184 3972 4309 4380 4467 3676 4348 4191 4298 4551 4099 4165 4572 4357 4467 4720 4435 4416 4308 4481 4123 4431 4582 4337 4384 4477 4230 4163 4345 4705 4291 4270 4304 4565 3899 4222 4457 4117 4284 4400 4462 4323 4256 4654 4456 4340 4004 4051 4218 4361 4214 3847 4492 4300 4246 3974 4352 4389 4529 4235 4312 4498 4536 
4542 4605 4441 4758 4028 4350 4532 4623 4617 4414 4662 4054 4491 4200 4571 4089 4844 4106 4306 4764 4211 4353 4489 4531 4411 4459 4206 4225 4146 4514 4272 4203 4267 4626 4076 4475 4426 4223 4390 4192 4368 4465 4637 4194 4172 4608 4290 4139 4541 4525 4287 4126 4213 4382 4358 4637 4354 4520 4240 4038 4203 4087 4320 4501 4410 4393 4273 4266 4490 4578 4593 4287 4587 4291 4568 4686 4724 4202 4199 4302 4464 4626 4220 4369 4414 4270 4537 4296 4414 3833 4747 4544 4521 4250 4321 4586 4583 4602 4425 4378 4762 4763 4469 4499 4531 4449 4612 4415 4617 4209 4265 4590 4271 4295 4343 4645 4420 4721 4924 4273 4434 4982 3847 4770 4134 4627 4137 4267 4515 4213 4354 4286 4446 4931 4816 4335 4172 4371 4369 4475 4499 4672 4147 4751 4192 4314 4753 4129 4291 4301 4313 4366 4499 4461 4410 4285 4808 4264 4312 4755 4396 4169 4376 4139 4270 4609 4733 4641 4203 4367 4535 4286 4543 4559 4439 4567 4400 4629 4439 4428 4445 4724 4395 4166 3942 4371 4552 4149 3913 4672 4649 4161 4103 4479 4494 4759 4379 4662 4504 4573 
4005 4108 4030 3774 3789 3850 3869 4045 3860 3837 3770 3593 3808 3567 3836 3813 3984 3579 3585 3909 3710 3663 3902 3688 3889 3962 3738 3788 3602 3720 3749 3656 3771 3551 3563 3884 4021 3564 3602 3466 3913 3876 3763 3682 3475 3671 4002 3401 3743 3928 3777 3628 3845 4037 3876 3987 3907 3980 3781 3372 3517 3888 3865 3784 3995 3578 3706 3739 4051 3954 3940 3911 3814 3582 3871 3998 3846 3582 3681 3746 4003 3873 3653 3656 3939 3802 3821 3565 3856 3400 3998 3956 3761 3747 3709 3815 3934 4087 4022 3618 4228 3964 4032 3864 4133 3863 3919 3767 3715 3754 3660 4119 3719 3724 3941 4118 3756 4097 4217 3641 4238 4226 3259 4180 3530 3894 3388 3809 3660 3638 3720 3820 3824 4119 3915 3716 3455 3857 3660 3749 3714 3909 3655 3776 3478 3633 3942 3629 3906 3758 3693 3932 3972 3753 3856 3753 3972 3985 3869 4150 3908 3742 4000 3639 3692 3758 4077 3937 3771 3998 4220 3615 3716 3819 3833 3665 3885 3911 3732 3828 4115 4167 3791 3611 3577 3366 3723 3627 3469 3949 3829 3893 3718 4019 3747 4174 3974 3828 3929 3985 
4057 3973 4040 4002 3652 3499 3924 4152 4035 3840 4061 3394 3907 3500 3866 3821 4068 3271 3724 4103 3730 3547 3613 4064 3798 3698 3625 3611 3765 3792 3495 3521 3873 3724 3544 3740 3827 3710 3676 3802 4164 3690 3708 3660 3641 3739 3787 3504 3581 3822 4055 3986 3753 3631 3850 3912 3653 4021 4037 3418 3495 3625 3681 3903 3875 3864 3702 3615 3834 3937 3769 3627 3843 3821 3996 3893 3794 3559 3451 3635 4093 3794 3645 3568 3664 3677 3920 3696 3931 3540 3906 3821 3668 3703 3825 3768 3809 4052 3757 3807 3970 3916 3743 3657 3931 3805 3943 3901 4005 3634 3554 3772 3589 3654 3729 3986 3886 4000 4263 3700 4149 4540 3234 4106 3408 3917 3159 3867 3827 3473 3696 3708 3686 4062 4020 3748 3564 3746 3661 3775 3867 3759 3417 3721 3410 3642 4005 3668 3630 3740 3722 3671 3977 3709 4033 3712 3874 3919 3628 4053 3936 3633 3879 3535 3508 3924 4219 3778 3773 3962 3983 3542 3855 3963 3858 3930 3578 3853 3951 3792 3752 4024 3730 3486 3699 3665 3766 3682 3336 3981 3862 3810 3635 3878 3839 3831 4009 3647 3903 4003 
4215 4271 4024 4010 3785 3767 4025 4014 3882 3693 3861 3527 3803 3322 4008 3703 4290 3550 3676 4136 3749 3760 3823 3993 4234 3992 3822 3834 3941 3968 3508 3675 3920 3923 3755 4107 3895 3800 3702 3835 3855 4135 3891 3753 3751 4012 3916 3638 3817 3851 3914 3984 3938 3936 3745 4001 3761 3813 3803 3360 3767 3690 4004 3950 3901 3814 3815 3838 3955 4094 4006 3935 4045 3831 3868 3909 3941 3509 3508 3920 4070 3977 3902 3730 3819 3666 3812 3631 3892 3818 4018 4019 3667 3537 4022 4007 3910 3956 3992 3949 4151 3896 3932 3893 4121 3763 3957 3894 3921 3668 3774 4082 3743 3627 3950 4300 3924 4268 4244 3713 4083 4427 3397 4299 3707 3795 3269 3878 3882 3564 3650 3595 3809 3822 4029 3833 3660 3956 3871 3992 3925 4092 3637 3977 3755 3830 3945 3677 3614 3694 3677 3656 4105 3826 4157 3860 4141 3923 3781 4035 3981 3780 3726 3955 3736 3827 4173 3918 3736 4025 3960 3647 3867 4027 3857 3944 3943 3932 3610 3712 3791 4004 3758 3567 3550 3729 3965 3700 3642 3947 3754 3749 3483 4141 3767 4008 3755 3977 3795 3997 
4333 3953 4141 4139 3662 4079 4270 3904 3972 3657 3939 3689 3900 3678 4201 3459 4372 3605 3800 3879 3791 3888 3768 3921 3993 3913 3911 4050 3749 4225 3647 3769 3615 4167 3845 3996 3984 3895 3591 3786 3943 4353 4190 3781 3764 3970 3787 3716 3801 4122 4047 3867 3887 3890 3917 3932 3977 4026 3876 3423 3826 3696 3900 4001 4061 3938 3776 3693 4170 4106 4032 3800 4072 3770 4177 4215 4077 4092 3761 4054 3824 4193 3935 3892 3802 3912 3843 3584 3916 3820 4115 4098 4023 3592 3981 3940 3985 3997 3889 4002 4189 4489 4024 3871 4232 3847 4121 4084 4057 3630 4013 4224 3996 3761 4108 4162 4264 4345 4120 3873 4188 4385 3351 4476 3664 3825 3418 3928 3889 3744 3759 4035 4134 4190 3967 3650 3493 4102 3994 4019 4124 4267 3566 4014 4041 3863 4265 3886 3765 3983 4115 4067 4255 3956 4116 4001 4101 3897 3959 4221 4092 3790 3746 3666 3830 4164 4138 4083 3936 4020 4088 3659 3777 4011 3874 4131 4132 4098 3977 4174 4034 4189 4127 3675 3690 3706 4027 3618 3664 4133 3918 4030 3699 4070 3996 4074 4062 4247 3903 4047 
4188 4091 4018 4126 3857 3947 4076 4175 3910 3672 4040 3731 3931 3699 4229 3718 4255 3739 3616 4073 3947 3614 4006 4137 4064 4276 3830 3963 3889 4134 3768 3901 3959 4047 3613 4051 4008 3992 3693 4031 4069 4203 3833 3720 3871 4000 3768 3963 3886 3860 4189 3849 3933 4178 3727 4164 3955 3873 3957 3595 3748 3695 3976 4068 4168 3947 3656 3968 4057 4109 3895 3903 4116 3869 4019 4036 4268 3860 3704 4030 3885 4301 3878 3974 4038 3920 4031 3847 4048 3613 4390 4050 4111 3838 3955 3929 3959 4008 4067 4046 4099 4134 4288 4059 4119 3968 4067 3985 4125 3928 3613 4214 3804 3799 3885 4170 4023 4187 4422 4048 4232 4414 3394 4404 3473 3996 3613 3775 3782 3748 3916 3847 4097 4209 4403 3659 3530 3915 4138 4237 4036 4116 3504 4208 4013 4024 4260 3913 3842 3849 3955 3798 3995 4098 4151 3889 4199 4090 3941 4404 3929 3768 4000 3554 3800 3974 4570 4097 4131 3924 3889 3844 3850 4044 3667 3984 4167 3983 3897 3993 4012 4143 3886 3675 3748 3921 3939 3808 3744 4196 4143 3881 3845 4086 3869 4119 4103 4040 4184 4191 
4345 4240 4308 4568 4186 4166 4419 4343 4253 4085 4179 3976 4324 3591 4111 3973 4566 3760 3926 4444 3868 3849 4093 4116 4477 3995 3999 4155 4231 4265 3944 4112 4205 4118 4057 4280 4305 3931 3930 4268 4429 4219 4116 4055 3967 4312 4060 3790 3935 3996 4450 4073 3967 4112 4324 4159 4048 4352 4106 3748 3887 3786 4053 4539 4325 4008 4086 4277 4145 4346 4071 3991 4210 3985 4317 4299 4210 3777 3979 4049 4205 4330 3971 4080 3940 4011 4244 3979 4273 4060 4423 4311 4329 3842 4087 4179 4371 4265 4487 4102 4395 4345 4321 4333 4467 4266 4255 4015 4179 3989 4047 4323 4060 4102 4221 4322 4210 4392 4423 3908 4439 4922 3632 4699 3914 4124 3517 4143 4123 3876 4012 3975 4369 4511 4325 4119 3868 4012 4152 4436 4236 4482 3744 4321 4128 4127 4411 4143 3878 4128 3998 4032 4285 4158 4427 4151 4368 4361 4105 4339 4326 4085 4072 3779 3939 4030 4428 4079 4078 4208 4400 3797 4142 4390 4203 4203 4080 4115 4215 4141 4020 4184 3935 3741 3891 4066 4423 4147 3709 4357 4285 4017 3809 4197 4176 4116 4010 4352 4354 4457 
4332 4637 4717 4353 4057 4312 4131 4378 4251 4104 4261 4052 4256 3935 4320 3908 4630 3815 4039 4307 4153 4123 4222 4340 4430 4333 4163 4225 3957 4503 4373 4108 4210 4268 3971 4379 4246 4226 4072 4370 4029 4328 4329 4271 3972 4345 4247 3976 4171 4384 4509 4158 4115 4435 4222 4473 4164 4260 4176 3853 3968 4091 4157 4455 4324 4497 4141 4107 4315 4244 4461 4100 4390 4134 4201 4517 4241 4170 4129 4240 4235 4609 4130 4255 4155 4013 4045 4047 4416 4163 4624 4382 4170 3754 4306 4121 4107 4646 4387 4516 4699 4599 4607 4430 4616 4478 4283 4370 4283 4047 4259 4565 4085 4003 4188 4477 4161 4777 4514 4059 4537 4691 3545 4779 3854 4321 3811 4314 4229 4104 4232 4275 4316 4669 4301 4053 3834 4100 4240 4177 4598 4479 3954 4434 4174 4171 4602 3818 4229 4526 4319 4218 4488 4214 4426 4326 4356 4179 4036 4522 4332 3902 4348 4144 3989 4320 4435 4287 4287 4335 4404 4053 4390 4373 4268 4425 4264 4319 4173 4190 4438 4466 4145 4088 4094 4107 4180 3862 3849 4236 4298 4013 4088 4475 4224 4319 4169 4204 4466 4498 
4051 3650 3793 3916 3372 3554 3670 3808 3823 3572 3990 3444 3648 3348 3660 3543 3809 3498 3631 3725 3650 3558 3642 3830 3972 3711 3698 3824 3632 3880 3481 3444 3695 3798 3420 3832 3672 3705 3079 3493 3690 3775 3672 3581 3438 3728 3606 3507 3603 3767 3964 3571 3695 3617 3520 3809 3899 3736 3651 3260 3618 3802 3883 3806 3704 3633 3705 3425 3985 3708 3626 3843 3848 3795 3891 3931 3772 3821 3621 3961 3928 3734 3759 3658 3708 3879 3917 3549 3704 3373 3896 3971 3459 3484 3671 3603 3843 3867 3721 3791 3971 3866 4029 3718 3761 3722 3672 3741 3713 3544 3736 3821 3761 3320 3775 3871 3954 3872 4036 3586 3970 4295 3231 4196 3396 3756 3303 3711 3432 3623 3560 3753 3553 3985 3902 3583 3329 3657 3518 3826 3827 3788 3360 3756 3621 3548 3835 3383 3598 3618 3646 3797 3908 3541 3902 3613 3898 3873 3886 4338 3683 3540 3764 3579 3460 3873 4092 4020 3497 3675 3870 3816 3762 3795 3516 3695 3579 3702 3452 3739 3641 3953 3865 3357 3410 3557 3783 3485 3335 3763 3612 3905 3400 3766 3696 3946 3713 3788 4031 3830 
4553 4350 4620 4433 4035 4084 4426 4289 4266 4035 4393 4046 4266 4092 4578 4137 4676 3942 4174 4528 4015 3936 4284 4588 4469 4273 3979 3965 4063 4451 4233 4126 4531 4186 3896 4463 4262 3889 4015 4165 4177 4398 4291 3984 4016 4377 4262 4153 4351 4396 4403 4216 4312 4273 3967 4328 4170 4136 4131 4203 3994 4197 4205 4540 4135 4258 4426 4197 4520 4296 4529 4221 4390 4214 4288 4220 4404 4103 4021 4287 4142 4615 4202 4082 4290 4264 4358 4057 4301 3908 4597 4454 4278 3925 4123 4273 4115 4526 4446 4321 4644 4341 4528 4532 4642 4451 4369 4296 4240 4135 4174 4642 4278 4058 4594 4612 4249 4695 4499 4095 4795 4857 3646 4795 4036 4330 4007 4348 4066 3986 4089 4171 4288 4673 4484 4153 3741 4157 4013 4192 4437 4351 3848 4349 4225 4269 4389 3983 4076 4263 4239 4440 4457 4285 4447 4252 4468 4515 4156 4573 4222 4014 4469 3947 4118 4614 4499 4429 4072 4277 4622 3960 4468 4405 4264 4344 4293 4260 4282 4387 4289 4496 4378 3829 3711 4093 4369 4136 3946 4491 4433 4057 3982 4482 4081 4475 4181 4247 4233 4457 
4471 4329 4322 3950 3890 3892 4237 4054 3909 3881 4026 3858 4026 3589 4247 4053 4458 3728 3791 4285 3711 3801 4060 4098 4227 4100 4032 3852 3867 4022 3988 3936 4143 4163 3805 4277 4286 3910 3817 4210 3971 3964 3904 3978 4061 4222 4023 3911 3880 4123 4038 3876 4081 4069 3753 4107 3839 4200 3783 3769 3798 3983 3863 4448 4338 4071 4220 4148 4440 4065 4101 4011 4250 4083 3886 4304 4224 3703 3684 3981 4141 4519 4081 3968 3912 3927 3992 3767 3906 3802 4452 4208 4101 3803 4060 4010 4108 4270 4187 4103 4155 4203 4152 4066 4384 4102 3998 4062 4163 3994 3839 4218 4004 3631 4100 4295 4235 4288 4361 3818 4409 4450 3442 4559 3666 4147 3506 4281 3932 3845 4149 3961 4495 4368 4267 4106 3639 4071 3914 3969 4199 4049 3688 4014 4047 4085 4308 3943 3902 3997 3835 4067 4043 3932 4319 4087 4066 4132 4112 4384 4061 3915 4171 3855 4032 4156 4530 4174 4018 3972 4265 3680 3881 4410 4047 3889 4101 4053 4098 3967 4090 4298 3980 3743 3784 3894 4090 3878 3610 3999 4034 3982 3893 4280 4087 4049 3965 3997 4136 4288 
4231 4329 4359 4221 3738 3951 4218 4198 4236 3889 4155 3799 4006 3698 3968 4011 4278 3746 3674 3971 3975 4007 4022 4114 4284 4055 3789 3899 3789 4147 3984 3978 3940 4014 3531 4351 3839 4073 3858 4038 4037 4236 4139 3760 3900 4092 4165 3896 4011 4180 4092 3952 4033 4187 3898 4150 3897 3962 3869 3519 3897 3818 4177 4181 3977 4028 4119 3764 4167 4028 4319 3958 4419 3840 4068 4144 4156 4026 4010 4076 3954 4347 3983 3824 3986 3879 4180 3899 4044 3665 4353 4122 3867 3778 3913 3887 3909 4328 4098 4067 4208 4285 4243 4200 4309 4209 3926 3946 4002 3784 3986 4185 3867 3921 4092 4198 4168 4358 4505 3753 4256 4715 3414 4405 3688 4140 3663 3990 4069 3723 3836 3977 3952 4152 4236 3699 3732 3892 3750 4040 4283 3997 3567 4101 3942 4015 4195 3785 3710 4084 3962 3903 4231 3916 4246 4053 4072 3985 3838 4565 3821 3958 3997 3936 3739 3985 4266 4248 4029 3896 4024 4000 3962 4076 4106 4119 4071 4061 3966 4007 4246 4198 4097 3834 3683 3860 4048 3858 3698 4213 3978 3910 3774 4245 3995 4073 3956 4040 4262 3985 
4436 4538 4494 4595 4100 4306 4384 4436 4379 4146 4667 4212 4406 3963 4438 3978 4686 4027 3976 4355 3969 3969 4327 4335 4343 4136 4020 3993 4131 4513 4222 4190 4158 4433 3935 4523 4197 4089 3944 4208 4235 4601 4279 4077 3881 4340 3987 4137 4094 4226 4297 4134 4123 4457 4068 4432 4171 4217 4097 3960 4162 4060 4189 4647 4119 4121 4057 4032 4289 4237 4525 4173 4269 4013 4627 4414 4196 4160 4146 4223 4242 4462 4346 4122 4168 4227 4391 3931 4320 3912 4376 4389 4171 4029 4089 4274 4532 4657 4332 4318 4525 4536 4375 4438 4464 4344 4341 4225 4359 4023 4224 4461 4090 4136 4415 4414 4326 4526 4535 4024 4567 4763 3750 4680 3879 4334 3841 4231 4331 4057 4085 4242 4419 4764 4433 4170 3771 4283 4213 4488 4425 4547 3706 4434 4295 4206 4558 4374 4046 4249 4236 4203 4675 4241 4284 4296 4491 4402 4255 4642 4400 3828 4345 3967 4068 4478 4664 4404 4172 4285 4455 4016 4193 4400 4158 4252 4223 4314 4122 4471 4509 4477 4273 4071 4008 4344 4323 4133 4033 4643 4229 4089 4164 4378 4307 4298 3956 4006 4334 4418 
4017 4149 4381 4226 3898 4091 4056 4185 4332 3815 3959 3770 4221 3867 4115 3962 4539 3979 3721 4278 3918 4071 4021 4088 4203 4127 3898 3896 4083 4207 3861 3775 3810 4022 3923 4235 4186 4056 3797 3950 4226 4241 4157 3930 3818 4092 4006 3844 4012 4300 3957 3835 4186 4140 3910 4309 4037 4108 4066 3750 3884 3952 3840 4209 3996 3990 4023 3965 4295 3980 3955 4197 4262 3913 4254 4128 4075 4018 3810 4030 4102 4488 4049 4144 4131 4239 3997 4048 4151 3590 4323 4211 4165 4072 4019 4122 4223 4242 4299 4097 4374 4302 4273 4097 4347 4071 4016 4234 4152 3959 4074 4387 4106 3655 4376 4302 4158 4388 4456 3939 4410 4632 3466 4693 3741 4086 3439 4106 3931 3726 4047 4061 4252 4535 4363 4055 3721 3962 4112 4046 4059 4339 3640 4314 4005 4168 4383 3871 3952 4111 3842 4038 4313 3823 4068 3973 4012 4086 3918 4575 4069 3855 4183 3899 3892 4296 4305 4101 4112 4227 4222 3578 4192 4057 4124 4037 4126 4168 4048 4289 4126 4244 4276 3732 3690 3774 4091 3816 3745 4206 4138 3905 3787 4364 4049 4246 4203 4112 4319 4372 
4325 4386 4537 4172 4066 4098 4382 4170 4391 3922 4391 3834 4330 3799 4258 3953 4681 3883 3856 4344 3876 4091 4047 4073 4313 4092 3970 4213 4113 4336 4074 3980 4090 4220 4003 4363 4394 3898 3855 4279 4213 4237 4342 4019 3995 4311 4066 4047 3991 4214 4249 4102 4207 4366 3877 4292 4066 4051 4155 3750 3916 3983 4190 4339 4242 4137 4110 4185 4364 4288 4318 4103 4426 4156 4272 4328 4405 4074 3815 4294 4464 4398 4108 4237 4057 4220 4344 3919 4213 3939 4615 4333 4158 3906 4082 3884 4426 4211 4471 4342 4330 4377 4379 4055 4490 4052 4162 4219 4238 4052 4036 4219 4288 3856 4283 4425 4304 4424 4550 3958 4563 4707 3578 4880 4015 4286 3765 4237 4343 4013 4087 3974 4433 4572 4474 4255 3624 4187 3998 4246 4142 4553 3817 4227 4202 4103 4540 4200 3821 4053 4126 4300 4326 4022 4211 4152 4489 4028 4179 4555 4232 4112 4582 3886 4060 4327 4386 4323 4382 4207 4407 3933 3969 4400 4222 4267 4351 4362 4243 4205 4099 4339 4238 3685 3810 4040 4364 3913 3744 4339 3931 3864 3847 4357 4310 4362 4203 4235 4406 4534 
4407 4322 4197 4004 3739 3864 4199 4237 4128 4005 4159 3804 4198 3789 4246 3952 4352 3649 3964 4220 3773 3959 3909 3942 4233 4147 4101 3937 4099 4269 3936 3884 3998 4124 3865 4347 4052 3944 3821 4019 3970 4183 4124 4022 3837 4304 4046 3861 3822 4017 4048 3957 4150 4017 3984 4068 3930 4174 4052 3547 3814 3765 4083 4080 4201 3971 3932 3872 4269 4185 4248 3976 4312 4225 4411 4209 4283 3838 3827 4144 4264 4486 4184 4005 4065 3871 3975 3920 3954 3824 4141 4040 4076 3764 4006 3990 4079 4124 4107 4235 4257 4389 4061 4018 4408 4143 4086 3888 4108 3823 4056 4243 4110 3642 4316 4447 3964 4402 4244 3795 4544 4702 3368 4536 3598 4132 3329 4003 3913 3784 3946 4000 3936 4418 4331 4077 3736 4115 4022 4160 4162 4252 3667 4183 4176 4137 4181 3944 3809 3978 3964 4148 4296 3991 4301 4182 4282 4007 3913 4409 3863 4078 4161 4004 3934 4232 4396 4213 3961 4113 4302 3932 3913 4123 4169 4269 3904 4240 3896 4230 4101 4321 4116 3699 3814 3843 4143 3735 3580 4097 4087 3888 3889 4289 4085 4147 4046 4016 4182 4275 
4514 4515 4481 4258 3772 3984 4380 4494 4345 4087 4418 3970 4534 3874 4250 4130 4450 3822 4210 4648 3766 4065 4115 4343 4295 4229 4029 3992 4333 4375 3988 4063 4344 4147 4075 4303 4260 3988 4072 4230 4188 4321 4336 3964 4183 4456 4375 3938 4049 4285 4249 4036 4088 4011 4000 4236 4239 4282 4173 3949 3897 4167 4270 4514 4281 4124 4088 4024 4184 4160 4511 4160 4125 4044 4378 4206 4288 4065 3977 4192 4370 4440 4272 4180 4219 4047 4420 3960 4407 3798 4438 4218 4143 4314 4238 4235 4249 4605 4515 4129 4513 4386 4375 4041 4549 4340 4325 4152 4040 4046 3999 4362 4012 4059 4597 4340 4274 4554 4439 3966 4602 4903 3627 4860 3843 4496 3872 4174 4260 3803 4202 4053 4111 4600 4473 4024 3858 4127 4120 4211 4378 4494 3957 4513 4171 4254 4556 4028 3835 4126 4042 4230 4207 4037 4461 4072 4241 4548 4073 4446 4240 3889 4291 4107 3833 4215 4632 4197 4080 4324 4653 3902 4215 4455 4284 4148 4246 4296 4135 4312 4202 4314 4238 3924 3926 4186 4432 3921 3837 4173 4267 4044 3962 4425 4163 4233 4116 4190 4388 4470 
4410 4364 4412 4189 3954 4182 4282 4460 4373 4141 4304 3681 4331 3706 4131 3914 4569 3663 3810 4299 4016 3993 4029 4380 4175 4208 4052 4028 3994 4415 3862 3954 4077 4168 3897 4227 4076 4061 3890 3965 4233 4272 4107 3813 3817 4246 4116 4075 4067 4184 4197 4105 3883 3838 3964 4289 4139 4331 4055 3809 3904 4080 4036 4290 4077 3940 3846 3848 4279 4083 4106 3970 4167 4219 4181 4414 4345 3840 3927 4219 4146 4518 4113 4163 4267 4222 4168 3740 4145 3849 4245 4357 4248 3811 4290 4245 4216 4316 4324 4161 4428 4406 4245 4086 4299 4309 4324 4367 4238 3766 4011 4227 3983 3864 4138 4360 4135 4323 4483 3949 4324 4807 3324 4503 3790 4269 3635 4112 4192 3975 3926 3940 4169 4392 4172 3830 3712 3929 4185 4242 4307 4399 3791 4137 4014 3947 4498 3974 3946 4097 3883 4161 4349 3874 4278 4016 4347 4264 4170 4316 4467 3987 3978 3967 4007 4234 4363 4327 4139 4049 4076 3928 4148 4387 4204 3949 3947 4113 4094 4386 4219 4475 4211 3810 3844 4234 4251 3980 3749 4287 4379 3939 3856 4193 4141 4399 4238 4228 4271 4477 
4092 4035 4084 4086 3645 3918 3775 4092 3936 3633 3802 3320 3816 3588 4084 3705 4022 3603 3407 3850 3853 3543 3643 3896 3866 3906 3557 3850 3729 3678 3723 3636 3764 3847 3511 3989 3673 3700 3623 3766 3862 4121 3831 3689 3613 3793 3435 3697 3516 4033 3762 3911 3868 4026 3560 3750 3556 3575 3621 3386 3666 3782 3966 4016 3728 3725 3460 3807 3840 3995 3780 3660 4093 3566 3950 3749 3955 3574 3420 3967 3845 4008 3829 3697 3724 3883 3796 3633 3780 3694 4138 3752 3746 3534 3814 3933 3887 3987 3787 3956 3916 3892 3750 3877 4056 3771 3993 3829 3973 3752 3807 3736 3631 3481 3724 3935 3991 4166 3814 3571 3803 4541 3216 4213 3598 3825 3431 3714 3915 3702 3651 3746 3934 4081 3971 3762 3401 3680 3829 3970 3581 3802 3444 3961 3689 3723 4032 3602 3663 3733 3960 3686 3950 3744 3808 3937 3944 3937 3787 4175 3938 3726 3921 3621 3726 3906 4042 3821 3767 3913 3839 3681 3799 3852 3669 3676 3798 3672 3783 3844 3869 4008 3770 3372 3655 3876 3913 3585 3453 3944 3846 3892 3587 3823 3745 4079 3811 3809 3705 4275 
3962 4176 4061 4001 3833 3623 3888 3884 3684 3666 3782 3434 3885 3352 3774 3762 4246 3706 3326 3738 3619 3672 3759 3811 4038 3641 3802 3559 3651 3824 3634 3804 3916 3967 3553 3903 3738 3393 3580 3654 3647 3682 3740 3751 3495 3841 3743 3551 3641 3930 3806 3509 3782 3883 3711 3966 3702 3971 3751 3119 3625 3473 3826 4040 3845 3614 3950 3779 3892 4021 3839 3632 4289 4071 3855 3914 3906 3598 3642 3672 4050 4114 3608 3706 3714 3344 3851 3528 3848 3575 3918 3915 3934 3593 3869 3870 3870 4091 4037 3949 3785 3925 3632 3932 4017 3809 3645 3796 3867 3659 3760 3883 3892 3557 3806 3958 3703 3986 4179 3343 4110 4346 3472 4185 3588 3758 3352 3851 3763 3513 3505 3705 3815 4107 3869 3841 3355 3742 3657 3907 3975 3684 3503 3730 3793 3681 4046 3799 3609 3676 3630 3722 3939 3839 4073 3722 3753 3747 3639 4138 3721 3715 3648 3680 3843 3601 3976 3792 3717 3760 3850 3514 3757 4125 3859 3685 3648 3910 3737 3721 3970 4010 3870 3375 3349 3377 3734 3773 3485 3765 3983 3545 3777 4086 4022 3936 3623 3750 3776 3911 
4343 4248 4219 4284 4025 4153 4151 4209 4192 3835 4091 3948 4236 3790 4271 3720 4394 3960 4010 3980 3967 3732 4074 4234 4184 4192 3999 4134 3722 4085 3991 4061 3801 4010 3856 4288 3894 3953 3733 4043 3965 4110 4107 3875 3739 4190 4024 3951 3973 4047 4102 3867 4135 4049 3987 4135 4356 4101 4122 3570 3793 4004 4219 4192 4312 3899 4009 3981 4270 4141 4213 4013 4163 3928 4355 4039 4258 4039 3871 4045 4213 4229 4241 3938 3998 4052 4198 4091 4310 3842 4234 4266 3871 3811 4079 4096 4187 4293 4033 3977 4248 4248 4236 4155 4347 4259 4153 4147 4003 3731 3817 4218 4180 3836 4148 4219 4078 4089 4337 3695 4449 4579 3622 4854 3827 4212 3472 4022 3893 3887 4022 3899 4171 4535 4295 3964 3633 4182 3948 4175 4072 4499 3696 4238 4020 4062 4160 3915 4103 3822 3911 4122 4224 4058 4209 4257 4335 4054 3988 4105 4108 4001 4103 3770 3929 4106 4274 4174 3986 3997 4226 3898 3854 4077 4033 3967 4038 4409 4102 4134 4290 4221 4341 3596 3825 3760 4217 3961 3685 4156 4113 3723 3740 4164 4086 4164 4182 4109 4138 4149 
4255 4404 4226 4027 3769 3750 4098 4203 4177 3852 4085 3532 4119 3673 4064 3445 4146 3644 3648 4094 3698 3906 3963 4060 4395 3995 4146 3854 3954 4263 3870 3656 4075 4101 3523 4092 4101 3987 3477 4004 4108 4011 4181 4067 3920 3918 3876 3554 3959 4084 4255 3963 3907 3948 3885 3905 3887 3991 3880 3618 3902 3857 3873 4257 4000 3803 3898 3761 3882 4196 4206 3942 4043 3904 4141 4086 3879 3838 3801 3868 4065 4172 4087 3858 3545 3790 3916 3674 4159 3731 3947 4222 3860 3771 4050 3801 4015 4244 4042 3976 4173 4377 4174 4125 4377 4118 3945 3957 3918 3842 3835 4230 3811 3775 4167 4259 3758 4243 4324 3773 4230 4563 3523 4365 3816 3886 3419 4008 4110 3686 3812 3971 4017 4412 4202 3851 3732 3738 3750 4148 4213 4024 3671 4204 3803 3670 3904 3746 3867 3932 3837 3938 4022 3836 4150 4048 4024 4095 3966 4114 3936 3855 4054 3654 3761 3756 4197 3934 3906 4023 4349 3830 3970 4058 3998 3898 3847 4215 3700 4005 3886 4206 3996 3761 3585 3689 4046 3900 3563 3781 4133 3800 3708 4213 4148 4099 3730 4055 3969 4065 
4349 4313 4400 4431 4160 4085 4171 4188 4296 4123 4401 3919 4282 3642 4166 3955 4690 4003 3985 4367 4000 3879 4118 4362 4277 4267 4059 4114 4094 4351 4109 3819 4254 4421 3706 4291 4110 4057 3978 4086 4167 4200 4350 3969 3954 4201 4143 4152 3900 4187 4376 3991 4085 4274 4105 4447 4078 4349 4136 3979 4219 4127 4041 4448 4040 4211 4022 4170 4363 4307 4434 4241 4237 4289 4404 4361 4324 4063 3978 4089 4353 4414 4343 4359 4166 4073 4186 4041 4285 3730 4392 4322 4182 4034 4158 4206 4376 4313 4417 4146 4486 4378 4569 4296 4519 4381 4314 4264 4302 4121 4139 4333 4099 3923 4211 4291 4260 4467 4474 4126 4519 4904 3711 4667 3734 4304 3691 4148 4179 4142 4154 4020 4249 4537 4569 4221 3818 4292 4211 4327 4356 4249 3875 4404 4138 4093 4421 4095 3935 4149 4318 4003 4148 4325 4159 4151 4225 4341 4194 4406 4125 3837 4090 3985 4131 4301 4635 4397 4068 4165 4195 3867 4281 4198 4314 4166 4278 4375 4184 4289 4139 4459 4097 3974 3829 4228 4316 4081 3938 4366 4534 4059 4213 4236 4236 4196 4105 4331 4127 4342 
4269 4177 4217 4211 3620 3846 3860 4029 4133 3988 3976 3881 3910 3618 4083 3734 4165 3667 3566 4019 3803 3691 3707 3913 4150 3908 3874 3632 3774 3980 3904 3802 3812 3944 3595 3974 3980 3810 3615 3687 4126 3810 3920 3661 3573 3935 3798 3584 3887 4038 4115 3895 3934 3781 3776 3920 3946 4107 3748 3640 3761 4017 3980 3891 3805 3663 3612 3879 4110 3894 3924 3662 3809 3742 4207 3814 3882 3673 3878 3785 4170 4384 3944 3939 3813 3845 3969 3711 3841 3606 4110 4051 3926 3569 3812 3935 4174 4028 4027 3965 4275 4209 4086 3770 4359 4241 3983 3910 3963 3701 3880 4193 3935 3740 3920 4092 4144 4363 4156 3987 4257 4265 3259 4245 3861 3937 3341 3954 3852 3605 3900 3758 4175 4279 4225 4025 3463 3830 3964 4143 3915 3936 3671 3931 3678 3953 4102 3792 3731 3746 3749 3637 4003 3777 4216 3739 4159 3971 3784 4156 3902 3855 3858 3761 3780 3881 4328 4018 3673 3945 3957 3551 3832 4091 3978 3776 4012 3995 3864 3962 3771 4101 4041 3494 3476 3822 4193 3980 3692 4050 4031 3854 3625 4016 4063 3950 3893 4105 3993 4075 
4329 4261 4531 4273 4165 4078 4239 4332 4148 4014 4109 4001 4463 3900 4401 3945 4555 3743 3942 4373 4188 3885 4169 4150 4541 4141 4126 3960 3978 4321 4163 4070 4057 4123 3968 4519 4275 4122 3837 4182 4305 4286 4159 3995 3913 4427 3939 3830 4079 4209 4550 4009 4168 4338 4056 4234 4246 4125 4148 3676 3876 4232 4157 4289 4094 4169 4031 4212 4425 4396 4098 4233 4185 4092 4298 4537 4316 3910 3979 4190 4204 4387 4178 4160 4001 4064 4251 4042 4034 3888 4569 4475 4119 3859 4131 4135 4095 4255 4156 4136 4609 4341 4292 4205 4468 4195 4248 4408 4314 4166 4218 4326 4277 3859 4347 4454 4266 4442 4518 3973 4551 4648 3479 4848 3988 4047 3505 4335 3942 3848 4085 4275 4315 4531 4359 3982 3577 4377 3995 4316 4260 4362 3698 4341 3947 4339 4380 4155 4027 3998 3900 4058 4347 4108 4369 4257 4360 4051 3989 4331 4309 3984 4196 4076 4004 4544 4530 4076 4076 4196 4452 4007 4201 4009 4198 4129 4109 4160 4295 4117 4210 4475 4239 3866 3959 4030 4314 3989 3638 4140 4330 3951 4078 4518 4091 4253 4247 4277 4341 4312 
4496 4633 4526 4416 3907 4007 4419 4386 4217 4310 4477 4020 4188 3721 4276 3964 4560 3900 3904 4329 4039 4185 4215 4334 4600 4196 4202 4147 4184 4370 4205 4299 4061 4447 4037 4465 4362 4138 4058 4216 4355 4230 4268 4085 4081 4497 4362 4097 4195 4177 4311 4266 4218 4395 3882 4346 4353 4395 4015 3658 3884 4062 4152 4649 4059 4350 4100 4228 4379 4256 4468 4064 4428 4253 4208 4427 4392 4089 3981 4196 4172 4333 4072 4226 3986 4262 4390 3964 4252 3943 4565 4357 4351 3877 4432 4201 4280 4355 4374 4320 4928 4533 4308 4256 4504 4256 4214 4258 4306 4174 4282 4528 4218 4145 4581 4597 4194 4573 4379 4012 4354 4841 3829 4875 3943 4115 3810 4374 4255 4020 4232 4382 4335 4458 4578 4512 3850 4217 4040 4338 4440 4413 3962 4455 4075 4247 4508 4080 4157 4058 4101 4195 4442 4146 4320 4277 4407 4085 4060 4464 4473 4223 4267 3909 4023 4369 4576 4270 4150 4256 4426 3937 4330 4320 4323 4291 4273 4512 4229 4180 4238 4499 4056 3925 3896 3867 4373 4155 3997 4512 4325 4128 3842 4499 4269 4307 4002 4483 4383 4379 
3896 3932 4060 3762 3671 3684 3671 3603 3655 3696 3901 3539 3848 3345 3827 3872 4126 3663 3531 3796 3644 3477 3809 3741 3940 3998 3692 3521 3651 3889 3574 3637 3854 3982 3612 3932 3815 3479 3628 3693 3467 3985 3679 3644 3359 3868 3872 3640 3665 3759 4074 3657 3707 3612 3613 4194 3788 3540 3738 3394 3616 3729 3856 3847 3787 3801 3745 3813 3843 3710 3958 3804 3714 4014 3879 3897 3726 3605 3447 3707 3890 3827 3815 3629 3745 3562 3738 3529 4046 3439 4065 3660 3484 3722 3846 3744 3747 3945 3829 4006 3909 3862 3925 3774 4124 3767 3916 3883 3853 3643 3796 4024 3745 3467 3725 3886 3707 3912 4185 3483 3937 4265 3377 4378 3627 3903 3549 3798 3493 3794 3618 3756 3758 3773 3885 3467 3301 3798 3688 3672 3917 3959 3453 3827 3789 3678 4033 3693 3595 3696 3625 3728 4033 3730 4042 3696 3829 3818 3858 3763 3937 3627 3782 3590 3630 3709 3986 3872 3876 3864 3942 3765 3786 3921 3578 3869 3917 3712 3581 3782 3844 4008 3922 3155 3515 3494 3628 3740 3568 3934 3842 3675 3634 3821 3834 3890 3567 3768 3756 3978 
4325 4342 4245 4280 4003 4110 4305 4376 4222 4058 4483 4130 4422 3831 4161 4058 4374 3784 4157 4395 3971 3823 4379 4313 4281 4203 3943 4116 4131 4395 3881 3942 4169 4130 3983 4288 4248 4058 3884 4234 4322 4302 4240 3759 4013 4245 4248 3807 4218 4189 4321 4238 4211 4227 4131 4292 4145 4336 4291 3550 4007 4143 4212 4599 4431 4159 4128 3823 4203 4488 4396 4355 4169 4058 4343 4059 4427 4218 3880 4189 4294 4444 4096 4031 4190 4300 4314 3932 4537 3686 4346 4322 4187 3971 4257 4285 4456 4463 4386 4104 4625 4562 4400 4473 4468 4323 4492 4108 3993 4116 4091 4518 4101 3950 4547 4230 4155 4433 4526 4074 4381 4850 3604 4800 4013 4048 3617 4210 3967 4160 4025 4040 4099 4474 4346 3886 3804 4209 3979 4309 4452 4327 3793 4298 4245 4102 4395 4181 3989 4065 4304 4116 4208 4091 4409 4281 4296 4312 4233 4626 4287 4174 4267 3775 4092 4361 4631 4033 4289 3949 4604 3899 4160 4229 4057 4061 4122 4187 3889 4162 4124 4266 4254 3905 3878 3932 4329 4117 3789 4360 4223 4075 4071 4202 4201 4026 4001 4240 4302 4240 
4300 4106 3847 4107 3740 3777 4045 3946 3964 3728 4178 3903 3991 3650 4194 3819 4076 3620 3779 3999 3922 3566 4017 3849 4040 4053 3805 3785 3778 3957 3893 3787 3840 4046 3678 4257 3953 3666 3753 3809 3784 4156 3838 3626 3546 3996 3809 3580 3972 3899 4090 3810 3906 4048 4039 4014 3807 3994 3819 3361 3695 3766 3849 3976 3860 3884 3832 3871 3759 4166 4113 3797 4032 3865 4156 4031 4216 3863 3835 3697 3960 4056 4026 3986 3880 3728 3957 3873 3960 3586 4237 4167 3819 3932 3953 4042 4125 3956 3990 3948 4150 4223 4217 4097 4146 3959 3866 3766 3964 3889 3752 4140 3942 3695 3956 4239 3942 4115 4444 3888 4097 4227 3513 4407 3643 4332 3539 3909 3824 3554 3729 3826 3825 4235 4244 3728 3667 3802 3752 3890 4021 4143 3618 4224 3775 3876 4235 3781 3825 4058 3952 3889 4100 3976 4207 3889 4142 3871 3830 4287 3773 3740 3807 3653 3736 4035 4315 4116 3675 3730 3972 3733 3778 3891 3776 3792 4083 3827 4015 3844 4079 4112 3881 3668 3550 3714 3922 3835 3645 4099 3910 3783 3665 4186 4223 4155 3932 4020 3976 3947 
4412 4409 4705 4679 4319 4376 4699 4705 4627 3912 4416 4017 4712 4030 4751 4050 4933 4068 3973 4671 4061 4182 4260 4342 4614 4450 4346 4330 4311 4716 4186 4179 4437 4493 3988 4556 4450 4100 4045 4218 4306 4446 4606 4209 4099 4600 4163 3976 4094 4488 4590 4260 4534 4498 4197 4337 4313 4281 4297 3934 4376 4182 4378 4595 4402 4268 4203 4410 4465 4626 4484 4232 4697 4191 4516 4288 4531 4197 4101 4523 4412 4677 4458 4311 4424 4438 4563 4100 4360 4245 4586 4555 4666 4165 4395 4568 4546 4571 4412 4405 4683 4555 4585 4541 4602 4357 4492 4670 4570 4175 4347 4624 4677 3980 4338 4801 4379 4538 4561 4279 4864 4946 3795 4892 4141 4453 3890 4219 4438 4217 4281 4120 4690 4863 4593 4277 4022 4365 4376 4510 4318 4446 4157 4374 4704 4465 4564 4346 4280 4146 4230 4474 4485 4246 4670 4466 4672 4421 4198 4688 4499 4127 4318 4092 4220 4796 4765 4578 4391 4373 4686 4201 4323 4623 4414 4430 4248 4374 4285 4387 4398 4406 4529 4070 4065 4328 4603 4451 3949 4537 4656 4004 4259 4445 4624 4619 4180 4562 4612 4422 
3973 4062 4035 3917 3795 3760 3959 4135 3837 3661 3694 3384 3805 3312 3816 3671 4220 3574 3239 3917 3648 3675 3610 3992 4042 3637 3788 3747 3689 3905 3671 3648 3826 3858 3433 3915 3902 3707 3519 3795 3711 3803 3744 3659 3660 3857 3658 3415 3702 3732 3936 3733 3672 3869 3717 3985 3777 3901 3793 3608 3612 3736 3611 4073 3825 3638 3399 3871 3907 3903 3682 3633 4093 3644 3732 3857 3657 3600 3494 3974 3779 3864 3640 3570 3852 3641 3619 3368 3702 3719 3996 3860 3808 3482 3845 3974 3851 3979 3970 3916 4109 4112 3659 3652 4137 3597 3748 3808 4023 3621 3687 4046 3613 3489 4068 4184 3939 3958 4130 3605 3948 4324 3292 4195 3624 3788 3263 3839 3760 3548 3647 3781 3988 3963 4082 3539 3590 3628 3816 3800 3907 3981 3290 3806 3673 3784 3820 3707 3663 3817 3746 3438 3943 3669 3910 3559 3931 3978 3925 4012 3932 3600 3756 3556 3900 3850 3983 3788 3989 3954 3773 3248 3769 3976 3704 3765 3570 3772 3606 3786 3775 3873 3645 3453 3380 3615 3761 3679 3565 3985 3577 3476 3480 4029 3887 3798 3772 3696 3883 3770 
3920 4010 4099 4014 3893 3692 3885 4019 3974 3792 3986 3647 3905 3469 3760 3549 4136 3480 3571 3919 3732 3553 3687 4091 4147 3677 3675 3844 3736 3971 3698 3681 3832 3944 3632 3959 3753 3924 3340 3614 3759 4171 4007 3859 3553 4081 3564 3456 3702 3989 4139 3654 3599 3837 3797 4042 3974 3885 3940 3354 3894 3916 3633 4243 3708 3742 3731 3841 3974 3923 4030 3667 3871 3821 3935 3752 3888 3628 3753 3884 3876 4107 3972 3841 3690 3660 3876 3623 3848 3836 4014 4039 3697 3280 3821 3944 3884 4004 4025 3909 4241 3934 4015 3925 3954 3852 3919 3881 3958 3870 3851 3992 3822 3704 3809 4071 3911 4074 4080 3842 3810 4512 3229 4313 3605 3918 3621 4034 3758 3725 3684 3912 3682 4299 3921 3814 3420 3633 3769 3902 4154 3987 3672 3852 3941 3722 4037 3766 3761 3829 3854 3901 4024 3855 4123 3933 3955 3926 3769 4055 4046 3587 3732 3626 3634 3916 3783 3903 3893 3744 4135 3586 3901 3960 3968 3691 3881 3778 3968 3827 3839 4146 3761 3504 3558 3691 4017 3766 3571 3987 4005 3535 3529 3986 3765 3814 3640 3838 3972 4099 
4332 4382 4554 4290 4081 4220 4230 4309 4199 3825 4137 4054 4207 3653 4313 3982 4639 3822 4029 4130 3889 3980 4157 4085 4289 4350 4061 4124 4021 4312 4109 3992 4204 4284 3784 4228 4138 4179 3829 4046 4158 4351 4301 4070 3736 4203 3909 3605 4262 4487 4209 3984 4326 4334 4191 4227 3997 4164 4083 3905 3965 4159 4021 4314 4220 4159 3803 4129 4289 4406 4250 4099 4154 4078 4361 4279 4291 3793 3799 4060 4086 4306 4056 4160 4041 4089 3952 3772 4006 3965 4325 4453 4070 3857 3928 4066 4109 4326 4498 4434 4406 4449 4423 4357 4504 4189 4303 4253 4225 3850 4019 4349 4007 4011 4239 4351 4087 4408 4494 4139 4354 4660 3531 4604 3703 4192 3702 4110 3884 3829 3993 4017 4163 4309 4091 3696 3855 3970 4259 4219 4206 4420 3835 4329 4040 4160 4472 4008 4115 4115 3999 4091 4292 4017 4418 3969 4335 4261 4268 4321 4241 3902 4078 3930 3798 4130 4240 4103 4141 4347 4113 3910 4232 4224 4045 4216 4138 4155 4120 4080 4137 4076 4219 4012 4059 3954 4279 4071 3699 4104 4147 4037 4149 4290 4531 4290 4065 4147 4178 4253 
4326 4218 4364 4481 4123 4130 4279 4399 4283 4060 4528 3805 4348 3928 4264 4194 4561 3802 3863 4182 4076 4035 4059 4183 4498 4387 4176 4264 4107 4348 4092 4090 4271 4510 3981 4434 4364 4015 4002 4068 4156 4459 4498 4094 4001 4444 4028 3887 4084 4250 4215 3876 4361 4233 4089 4456 4205 4306 4355 3759 4037 4193 4287 4394 4328 3895 3979 4154 4390 4299 4369 4018 4428 4411 4431 4240 4411 3958 4106 4557 4582 4390 4389 4280 4030 4221 4546 3976 4126 3958 4605 4057 4199 3998 4066 4303 4383 4376 4343 4446 4585 4513 4271 4229 4259 4492 4225 4338 4557 4405 4219 4346 4342 3929 4244 4457 4242 4441 4571 4109 4356 4713 3709 4643 4092 4385 3780 4176 3980 4036 4063 4227 4354 4507 4347 4284 3755 4209 4029 4359 4248 4413 3922 4300 4024 4037 4616 4016 4122 3969 4084 4280 4469 3999 4493 4152 4413 4154 4170 4363 4377 4006 4320 3897 4072 4401 4550 4479 4037 4176 4434 4263 4355 4494 4221 4198 4045 4387 4318 4288 4362 4575 4263 3659 3949 4066 4216 4064 3733 4390 4448 4066 3941 4358 4216 4392 4391 4416 4307 4478 
4149 4327 4428 4553 4056 4154 4482 4290 4208 4231 4399 3896 4305 3806 4345 4161 4533 4047 3959 4327 3833 3920 4212 4261 4493 4148 3979 3989 4308 4248 4168 4019 4197 3935 3870 4436 4258 4065 3935 4167 4246 4297 4097 4143 3914 4405 4257 3949 4070 4197 4328 3878 4199 4200 3986 4445 4141 4218 4087 3737 4035 4121 4118 4379 4306 4140 4033 3977 4082 4294 4442 4168 4306 4184 4191 4427 4276 3889 3836 4282 4125 4398 4236 4050 4275 4134 4329 4073 4275 3707 4451 4416 4393 3928 4158 4378 4146 4348 4520 4209 4448 4305 4175 4208 4334 4319 4427 4136 4375 4070 4256 4223 4045 4158 4090 4487 4157 4397 4468 3979 4401 4749 3404 4775 3781 4310 3969 4290 4067 3967 4031 4128 4154 4616 4514 3852 4006 3929 4021 4142 4276 4253 3875 4075 3935 4105 4488 4113 3916 4232 3966 4030 4547 4083 4394 3925 4163 4287 4280 4416 4424 3907 4138 3770 4038 4234 4477 4204 4236 4136 4256 4076 4120 4351 4144 4015 4069 4226 4256 4324 4159 4417 3867 3681 3885 4130 4199 4035 3736 4533 4393 4058 4115 4247 4020 4416 3927 4314 4243 4412 
3976 4140 4186 3979 3804 3814 4023 4257 4053 3836 3883 3491 4130 3427 3953 3645 4289 3637 3726 3955 3721 3804 3730 3803 4082 3862 3879 3844 3754 4051 3834 3782 3905 3882 3651 4002 3942 3874 3737 3872 3975 4018 3810 3674 3719 4043 3782 3636 3806 3766 4087 3580 3894 3942 3811 3928 3948 3950 3854 3495 3674 3880 3811 4106 3986 3664 3524 3815 4076 4117 4029 3789 4046 3993 3982 4085 3891 3728 3855 4051 4095 3991 3639 3911 3971 3821 3991 3673 3923 3632 4037 3904 3902 3774 3825 4088 3904 4201 3933 3845 4067 4061 3884 3759 4008 4122 4013 4101 3918 3775 3980 4023 3982 3830 4089 3950 3808 3737 4265 3609 4201 4493 3386 4465 3706 4043 3499 3978 4066 3867 3625 3746 4103 4077 4146 3649 3593 3781 3718 3828 3840 3937 3534 4155 3599 3870 4085 3827 3838 3792 3865 3831 3972 3739 4114 3786 3977 3958 3991 3954 3810 3783 3880 3617 3729 3860 4196 4086 3838 3865 3768 3775 3755 4087 3780 3838 3864 4037 3950 4040 3969 4012 3735 3549 3854 3530 4066 3659 3452 3944 4005 3604 3660 3997 3925 3852 3980 3917 3807 4087 
4535 4403 4519 4194 3902 3988 4185 4177 4102 3923 4135 3783 4116 3651 4202 4011 4583 3818 3738 4401 3993 4177 3937 4185 4401 4174 4037 3829 3901 4006 3710 3964 3973 4256 3823 3912 4158 4008 3861 3962 4215 4248 3973 3986 3906 3956 4025 3752 3953 4160 4072 3958 4155 4119 3953 4263 3981 4176 3866 3738 4022 3862 3760 4285 3967 3940 3900 3957 4312 4048 4121 4093 4231 3907 4172 4100 4163 3858 3722 3982 4063 4055 4016 3903 3918 3963 4166 3856 4322 3838 4332 4060 3674 3851 4102 4424 4141 4367 4180 4191 4233 4374 4306 4025 4403 4049 4039 4121 4252 3852 3889 4206 3919 3941 4110 4365 4195 4430 4393 3804 4216 4600 3656 4532 4000 4129 3731 4011 4193 3762 4038 4050 4124 4394 4372 4084 3622 3942 4299 4422 4122 4369 3700 4347 3819 3968 4409 3988 3955 3940 4091 4099 4098 3968 4455 3846 4304 4194 4101 4488 3901 3846 4129 3930 3612 4079 4545 4169 4161 4352 4120 3833 4189 4163 4083 4060 4383 4218 4214 4153 4079 4338 4041 4019 3944 3670 4285 4007 3938 4234 4277 4150 3943 4392 4101 4174 4092 4101 4148 4378 
3909 4194 3990 4142 3844 3892 4067 4106 3951 3767 4054 3553 3641 3559 4127 3650 3977 3669 3819 3966 3629 3746 3635 3929 3909 4056 3902 3796 3623 3816 3573 3908 3923 3891 3433 4044 3886 3499 3633 3702 3885 3773 3841 3672 3552 3647 3754 3640 3601 3959 3826 3712 3775 3797 3763 3979 3874 3732 3794 3490 3768 3733 4022 3923 3843 3573 3754 3864 3707 4030 3614 3603 4244 3713 3926 3856 3962 3493 3487 3934 3949 3842 3853 3890 3818 3598 3782 3593 3912 3537 4074 3857 3848 3810 3876 3601 3797 4269 3736 3881 3969 4166 3978 3853 4064 3874 3947 3923 3832 3724 3748 4043 3723 3660 3950 3967 4031 4110 4186 3567 4105 4392 3322 4169 3528 3878 3456 3837 3794 3813 3682 3679 3929 3937 3936 3667 3467 3786 3734 3910 3865 3862 3547 4075 3867 3864 3941 3691 3735 3683 3915 3816 3825 3763 4139 3569 4016 3890 3608 4140 3927 3653 3823 3647 3785 3859 4106 4180 3914 3859 3967 3776 3918 4020 3951 4034 3883 3901 3662 3976 3912 3806 4012 3515 3583 3617 3865 3933 3369 4077 3972 3877 3685 3933 3637 3998 3945 3957 3947 4229 
4305 4426 4347 4345 3993 4142 4260 4264 4311 4122 4314 3795 4290 3853 4275 4045 4524 3845 3903 4599 3923 4130 4292 4333 4358 4267 3954 4126 4111 4260 4054 3954 4278 4069 3840 4276 4395 4099 3908 4167 4162 4320 4282 4043 3911 4293 4136 4007 3994 4186 4586 3992 4325 4169 3997 4480 4300 4342 4066 3877 4038 3757 4210 4260 4232 4011 4024 4119 4465 4478 4430 4047 4312 4264 4261 4257 4159 3899 3791 4084 4285 4391 4116 4109 4008 4070 4255 4034 4364 3824 4422 4041 4028 4223 4221 4396 4153 4330 4353 4195 4451 4331 4117 4276 4436 4330 4390 4002 4138 3862 4028 4287 4374 3812 4346 4558 4408 4594 4330 3877 4630 4904 3617 4742 3934 4378 3775 4305 4162 4141 4033 4231 4206 4531 4437 4045 3797 4128 4268 4297 4285 4186 3899 4307 4089 4108 4320 3898 4195 4130 4310 4201 4199 4025 4311 4191 4269 4381 4030 4621 4260 4080 4305 3863 4179 4263 4695 4337 4209 4236 4416 3806 3990 4247 4017 4221 4147 4256 4128 4245 4126 4453 3975 4063 3954 3976 4485 3647 3784 4209 4492 4165 3952 4312 4134 4217 4162 4050 4137 4535 
4393 4301 4377 4182 3758 4196 4140 4352 4201 3959 4115 4010 4408 3941 4377 3982 4487 3711 3789 4175 3796 3954 4048 4260 4498 4228 3773 3883 3950 4070 3813 3866 4249 4121 3839 4257 4329 4049 3966 4192 4031 4311 4074 3934 3731 4257 4230 3884 4034 4090 4331 4027 4076 4218 3991 4254 4107 3958 4119 3518 3963 3939 4190 4444 4189 3908 3871 4208 4274 4205 4175 3966 4348 4124 4247 3986 4216 4023 4038 4243 4175 4513 4296 4139 4151 4205 4086 3945 4382 4007 4629 4366 4059 3990 4303 4406 4338 4445 4286 4293 4455 4434 4153 4150 4520 4208 4094 4169 4346 3917 4048 4561 4115 3915 4317 4307 4078 4374 4380 3977 4469 4786 3431 4426 3836 4302 3702 4054 3935 4042 3919 3873 4440 4431 4431 4109 3731 3976 4315 4272 4188 4428 3772 4312 4134 4273 4339 4043 4048 4154 4124 4012 4046 4035 4314 3971 4354 4203 3985 4589 4207 3832 4213 4090 4144 4353 4559 4230 4199 4209 4195 3774 4144 4238 3965 4261 4263 4146 4127 4362 4298 4417 4293 3881 3766 3996 4360 4003 3923 4205 4189 3904 3846 4266 4258 4229 4206 4078 4263 4258 
4100 4287 4271 4160 3971 3781 4055 4086 4122 3652 4064 3726 4168 3466 4218 3714 4098 3495 3689 3997 3663 3805 3881 3916 4301 3931 3882 3808 3940 4073 3873 3923 3980 4032 3773 4249 4203 3736 3744 3778 4010 4015 4168 4064 3819 4158 3731 3551 3941 4079 3989 3994 4036 3889 3696 3890 3787 4108 3715 3711 3853 3886 4003 4138 3898 3895 3902 3636 4017 4263 4239 3972 4152 3794 4057 4002 4052 3832 3728 3949 3944 4285 4069 3683 3879 3955 4144 3741 3782 3868 4001 4006 4051 3774 3728 4078 4079 4080 4062 4231 4306 4078 4025 4113 4279 4275 3790 4023 4158 3767 3824 4211 4083 3731 3909 4390 3877 4225 4294 3711 4357 4624 3340 4303 3744 3913 3381 4036 4093 3622 3822 3760 4383 4311 4056 3832 3517 3862 3834 4020 3911 4274 3661 3934 3851 4077 4276 3777 3867 3901 3943 3857 4090 3944 4228 3941 4097 4025 3909 4065 4082 3790 4045 3830 3873 3955 4275 3862 3758 4073 4171 3835 3902 4010 3854 4040 3973 4149 4017 4087 3860 4117 4084 3794 3954 3913 4122 3747 3575 4035 3904 3805 3787 4175 4113 4082 3914 4231 4054 4250 
4004 3575 3800 3794 3597 3766 3563 3827 3815 3469 3642 3461 3676 3449 3830 3523 3656 3284 3454 3810 3854 3460 3488 3846 3716 3853 3606 3632 3221 3664 3458 3506 3427 3579 3442 3775 3736 3520 3503 3577 3377 3791 3608 3459 3454 3674 3511 3328 3592 3592 3684 3555 3595 3645 3769 3680 3687 3695 3560 3327 3497 3535 3525 3670 3494 3564 3610 3401 3727 3530 3601 3474 3878 3495 3807 3923 3899 3440 3305 3510 3579 3756 3671 3579 3649 3530 3507 3482 3735 3166 3871 3622 3445 3183 3575 3636 3856 3746 3493 3752 3948 3788 3724 3594 3851 3738 3757 3632 3786 3477 3586 3881 3494 3387 3665 3731 3771 3928 3991 3531 3997 3972 2897 4037 3415 3794 3010 3692 3463 3351 3612 3587 3578 3946 3909 3363 3308 3905 3227 3730 3673 3808 3197 3811 3640 3660 3685 3466 3453 3601 3555 3550 4050 3605 3861 3428 3946 3519 3548 4040 3498 3345 3288 3382 3420 3745 3926 3679 3383 3646 3774 3424 3684 3568 3781 3697 3688 3555 3434 3505 3742 3854 3728 3419 3130 3554 3696 3407 3447 3654 3787 3592 3384 3704 3704 3882 3531 3885 3815 3779 
4033 3991 3996 4131 3596 3684 3952 3788 3808 3895 3901 3698 4049 3578 4049 3650 4257 3685 3711 3981 3632 3778 3626 4011 3984 3875 3599 3678 3867 4031 3724 3688 3918 4073 3718 3840 3809 3604 3788 3902 3878 3854 4004 3819 3511 3830 3912 3692 3856 3892 3966 3824 3838 3724 3781 3898 3698 3815 3896 3519 3618 3647 3806 4059 3716 3957 3739 3742 4008 3894 3884 3736 3913 3754 4051 3909 3954 3851 3508 3774 3912 4216 4042 3877 3778 3806 3779 3640 4083 3555 4048 3959 3971 3617 3949 3881 4081 3828 4158 3858 4089 4274 4205 3942 4326 3914 4052 3813 3961 3605 3708 3974 3860 3544 4029 4075 3899 4269 4147 3766 4185 4392 3343 4415 3510 3829 3448 3712 3815 3594 3774 3694 3756 4348 4133 3889 3360 3749 3793 3767 4012 4170 3482 3958 3603 3768 4159 3702 3610 3789 3758 3750 3916 3747 4026 3975 3955 3852 3790 4115 4080 3798 3872 3647 3755 3940 4095 3858 3908 4087 3975 3565 3766 4071 3933 3848 3825 3968 3881 3841 3713 4097 4036 3393 3502 3607 4051 3599 3503 3999 3706 3891 3585 3954 3789 3941 3947 4087 4030 4071 
4173 3975 4089 4162 3818 3769 4249 3878 3949 3585 3992 3567 4037 3640 3953 3884 4162 3352 3473 4063 3569 3563 3652 4020 4028 3941 4009 3809 3821 4029 3633 3797 3965 3892 3683 4253 4009 3624 3551 4078 3902 4215 3833 3844 3590 4216 3784 3621 3987 3820 3987 3721 3668 3676 3740 3913 3849 3895 3850 3595 3555 3616 3926 3917 3902 3688 3769 3779 3997 4044 3966 3519 3997 3879 4161 3926 4087 3639 3476 4009 3948 4001 3933 3735 3824 3743 3977 3687 3960 3471 4080 3899 3630 3780 3747 4026 3590 4076 4012 3998 3883 4039 3910 3887 4175 3698 4086 4053 4022 3668 3610 3915 3985 3733 3965 4066 4037 3987 4165 3519 4308 4349 3164 4412 3407 3944 3528 3928 3802 3704 3922 3749 3968 4115 4051 3655 3459 3930 3869 4027 3888 4254 3599 3904 3999 3916 4033 3768 3705 3661 3748 3782 4086 3820 4322 3791 4139 3878 3684 4043 3922 3535 3600 3777 3799 4038 4079 3896 3990 4007 4092 3580 3673 4109 3604 3923 3854 3673 3721 3849 3856 3886 3938 3490 3573 3651 4040 3705 3441 4134 3885 3747 3462 4006 4093 4195 3746 3986 4013 4109 
4244 4220 4192 4245 3737 3723 4003 4162 4144 3845 4305 3726 3855 3696 3946 3820 4281 3633 3676 3934 3925 3904 3816 3966 4017 4136 3887 3521 3812 3950 3804 3943 3746 4053 3665 4094 3925 3785 3852 3804 4019 4249 3718 3845 3749 4087 3858 3830 3745 3962 3998 3813 3939 3910 3913 3916 3732 3937 3873 3565 3485 3772 4015 4059 3934 3922 3684 3786 3957 4046 3854 3960 4127 3832 4056 3845 4178 3824 3664 3812 4122 4139 3702 3816 3897 3974 3843 3990 4114 3700 3998 3910 3747 3739 4006 4006 4101 4232 3901 4043 4150 3854 3894 3875 4232 4039 3858 3981 4024 3642 3837 4036 3893 3688 4010 4084 4181 4176 4367 3666 4120 4344 3449 4328 3576 3916 3316 3746 4018 3648 3702 3752 3901 4217 4309 4021 3394 3802 3963 4036 4072 4201 3441 4344 3764 3965 4307 3649 3709 3997 3776 3728 4102 3686 4021 3797 3974 3775 3891 4098 3714 3822 4045 3787 3613 4084 4166 4028 3919 3986 4039 3707 3791 3992 3748 3911 3871 3841 3991 3853 3969 4381 3903 3619 3840 3805 3750 3828 3355 4182 3858 3733 3770 4187 3832 4040 4008 4155 4061 4163 
3845 4046 4064 4103 3849 3871 4109 4095 3935 3771 3959 3440 4045 3533 4052 3594 4215 3623 3519 3820 3448 3786 3667 3765 3959 3793 3882 3679 3706 4036 3624 3694 3878 3826 3654 3709 3837 3875 3575 3752 3854 3879 3980 3708 3736 4070 3747 3721 3861 3786 3825 3731 3739 3703 3780 4053 3870 3955 3797 3492 3586 3766 3837 3968 3888 3622 3532 3746 3790 3966 3838 3669 3747 3778 3808 3849 3947 3700 3515 4053 3712 4167 3824 3867 3788 4105 4118 3447 3854 3527 4098 4047 3997 3579 3943 3791 4078 4115 3882 4009 4447 4036 3905 3707 3971 3836 3857 3931 4085 3655 3642 3957 3716 3730 3817 3896 4067 4020 4042 3656 4003 4419 3343 4517 3510 3810 3469 3871 3614 3787 3695 3543 3766 4055 4029 3735 3498 3885 3803 3987 3880 4029 3531 3671 3829 3890 4185 3889 3774 3779 3644 3909 3863 3613 3787 3689 3929 3858 3952 3830 3990 3635 3770 3601 3633 3908 3929 3775 3916 3841 4086 3723 3695 4000 3835 3689 3917 3745 3892 3867 3786 4058 3800 3577 3697 3708 4003 3967 3440 3848 3936 3715 3650 3886 3927 3914 3740 3968 3971 4037 
3936 4068 4089 4099 3724 3903 3736 3987 4054 3713 3837 3745 3973 3591 4135 3674 4096 3462 3700 3876 3439 3710 3534 3785 4089 3815 3624 3766 3801 3824 3837 3861 3851 3921 3484 3994 3773 3762 3673 3621 3692 3910 4011 3422 3526 3908 3470 3400 3748 3811 3818 3528 3866 3845 3735 3749 3871 3769 3571 3305 3656 3756 3884 4271 3813 3523 3660 3790 3914 3836 3920 3813 3819 3512 3993 3789 3863 3545 3704 3756 3928 4021 3945 3790 3958 3687 3928 3625 3591 3697 4086 3957 3928 3568 3680 4028 4035 4141 3753 3933 4060 3984 4048 3788 4154 4151 3973 3897 3969 3604 3717 3870 3712 3763 3973 4004 3971 4130 4009 3755 3933 4436 3384 4178 3672 3947 3516 3822 3935 3563 3577 3520 4108 4003 4055 3706 3342 3800 3845 4017 3641 3969 3407 3913 3693 3903 4021 3773 3688 3819 3776 3578 3814 3759 4160 3840 4003 3746 3762 3808 3866 3557 3481 3766 3509 3897 4099 3705 3675 3828 3883 3584 3878 3887 3846 3863 3942 3806 3721 3674 4022 3986 3912 3733 3401 3732 4068 3672 3572 3824 3979 3646 3724 4108 4013 3941 3726 3820 3613 4165 
4129 4137 4142 4229 3899 3799 4137 4032 4004 4029 4252 3946 4042 3491 4142 3904 4371 3620 3499 4257 3886 3850 3779 4310 4309 4070 3841 3697 3852 4189 3843 3946 3822 4144 3839 4172 4023 4067 3826 4016 4290 4062 3772 3739 3859 4035 3927 3640 3894 3859 4255 3719 4105 4135 3565 4050 3944 4269 3819 3646 3652 3848 3871 4210 4013 4099 3829 3848 3979 4118 4114 3830 4107 4054 3923 4108 4162 3707 3630 4031 3908 4185 4074 3906 3774 3795 4111 3685 3940 3895 4156 4176 3935 3520 4121 4028 3900 4241 4268 4141 4156 4233 4356 4031 4153 4213 4270 4090 4187 3909 3795 4299 3849 3642 4225 4264 4084 4361 4376 3640 4154 4400 3448 4264 3648 4107 3650 4125 3900 3783 3944 4007 4045 4114 4314 3891 3613 3946 3856 4097 4184 4152 3531 4222 3771 4141 4238 3659 3910 3928 3875 3959 4270 3795 4197 3732 4255 3737 3872 4224 4062 3695 3907 3627 3818 4227 4289 4088 4051 3993 3876 3656 3941 4240 3799 3900 3991 4041 4088 3764 4083 4123 3767 3921 3861 3815 4095 4000 3652 4313 4119 3898 3757 4219 3871 4035 3809 4139 4028 4182 
4453 4427 4585 4478 4083 4282 4142 4407 4552 4325 4510 4104 4236 3837 4634 3910 4637 3926 3978 4345 3954 4108 4415 4451 4396 4294 4174 4137 3988 4335 4145 4065 4209 4444 4057 4539 4240 4314 4212 4264 4298 4407 4642 4082 4062 4480 4265 4073 4012 4194 4178 3790 4415 4343 4088 4459 4216 4379 4195 3870 3972 3989 4236 4406 4487 4233 4175 4128 4475 4177 4502 4072 4476 4207 4271 4293 4265 3982 4015 4329 4573 4632 4369 4345 4187 4211 4461 4338 4420 3991 4496 4395 4079 4346 4311 4362 4289 4650 4419 4366 4592 4758 4414 4406 4653 4680 4326 4207 4410 4216 4176 4662 4247 4106 4397 4377 4377 4649 4799 4139 4558 4901 3746 4784 4004 4376 3728 4303 4377 4050 4299 4323 4587 4677 4601 3940 3828 4248 4132 4504 4426 4482 3883 4381 4310 4176 4671 4190 4021 4406 4137 4075 4428 4181 4454 4400 4375 4096 4223 4598 4317 4111 4355 4024 4280 4543 4563 4642 4050 4131 4383 4013 4474 4586 4230 4360 4353 4586 4327 4368 4402 4316 4303 3963 4014 4187 4294 3838 3928 4259 4363 4055 3942 4399 4141 4422 4380 4211 4267 4444 
4573 4456 4646 4455 3992 4427 4164 4376 4616 4030 4337 4028 4361 4042 4607 4148 4653 3928 3883 4202 3966 4240 4119 4428 4446 4392 4072 4172 4094 4252 4102 4122 4137 4213 3809 4598 4013 4134 4054 4045 4265 4372 4416 4115 4082 4373 4395 3990 4261 4499 4207 4032 4224 4196 4223 4376 4089 4369 4169 3827 3988 3938 4297 4205 4259 4163 4185 3869 4623 4225 4313 4047 4504 4326 4358 4126 4406 4108 4054 4260 4446 4703 4243 4368 4226 4294 4357 4125 4359 3811 4474 4465 4256 3978 4317 4324 4448 4634 4216 4372 4811 4308 4465 4332 4813 4533 4224 4247 4365 3958 4054 4531 4088 4212 4260 4539 4266 4764 4581 4234 4690 5071 3378 4489 3888 4343 3702 4387 4070 3832 4078 4085 4278 4671 4473 4037 3949 4266 4281 4318 4346 4552 3848 4270 4393 4280 4677 4093 4050 4365 4085 4135 4284 4084 4567 4280 4261 4187 4130 4613 4345 4117 4174 4148 4050 4415 4586 4441 4124 4199 4134 3937 4189 4450 4253 4457 4226 4482 4215 4231 4401 4497 4442 4047 3961 4099 4373 3996 3893 4151 4358 4294 4065 4559 4291 4569 4498 4289 4335 4405 
4506 4213 4505 4163 3998 4130 4177 4299 4329 4139 4337 3925 4239 3707 4389 4025 4531 3905 3968 4291 3874 4093 4147 4412 4361 4328 4138 4120 3922 4318 3945 3902 4121 4307 3678 4227 4118 4153 3979 3986 4031 4189 4216 3958 4012 4246 4084 3954 3976 4211 4390 3932 4000 3916 4210 4339 4170 4220 4093 3739 4058 4039 4167 4123 4056 4062 3792 4014 4300 4149 4232 3988 4195 4174 4348 4516 4046 3973 3778 4165 4243 4463 4224 3936 4003 3998 4189 3787 4057 3573 4387 4194 4010 3618 4081 4103 4252 4425 4235 4082 4394 4477 4480 4205 4430 4355 4243 4317 4274 3930 4045 4331 4169 3869 4327 4282 4152 4419 4356 3989 4351 4780 3325 4519 4001 4340 3638 4241 3843 3852 4088 4106 4378 4410 4272 4041 3724 4179 4215 4254 4215 4255 3670 4160 4304 3976 4359 4021 3868 4017 4106 4210 4404 3937 4370 3962 4232 4385 4051 4407 4100 3900 3951 4046 3866 4191 4476 4286 3853 4246 4369 3940 4159 4273 4103 4196 4074 4209 3944 4267 4141 4252 4269 4058 3848 4059 4320 3721 3893 4055 4473 3986 3846 4121 4225 4122 4080 4267 4100 4420 
3926 3932 3969 3847 3578 3679 3909 4059 3848 3595 3640 3413 3737 3245 3858 3627 4278 3466 3458 3857 3648 3528 3743 3839 3920 3822 3660 3699 3690 3823 3566 3572 3835 3716 3349 4058 3751 3852 3635 3709 3741 4177 3914 3576 3676 3868 3601 3518 3700 3773 4032 3839 3536 3785 3691 3797 3722 3540 3826 3421 3695 3650 3725 3960 3727 3624 3537 3626 3835 3830 3932 3607 3912 3745 3839 4096 3908 3618 3522 3814 3717 4113 3803 3707 3703 3688 3771 3634 3791 3647 4058 3796 3520 3594 3691 3965 3581 3978 3918 3766 3808 4029 3950 3725 4048 3866 3630 3912 3909 3534 3643 3697 3640 3443 3832 4087 3757 4109 4068 3457 3946 4449 3203 4165 3436 3839 3202 3678 3743 3566 3702 3737 3766 3910 3930 3268 3471 3813 3832 3684 4138 3945 3383 3891 3783 3836 3958 3648 3552 3899 3818 3657 4040 3586 4066 3569 3595 3651 3653 4059 3863 3486 3608 3616 3445 3833 4069 3772 3868 3874 3680 3644 3742 3652 3751 3828 3839 3647 3572 3851 3824 3780 3863 3537 3593 3673 3765 3590 3518 3891 3642 3628 3590 3827 3785 3901 3713 4027 3762 3861 
4328 4050 4214 4162 3830 4218 4182 4252 4132 3822 4084 3649 4026 3749 4141 3774 4327 3765 3621 4098 3943 3885 4118 3934 4546 4423 3892 3779 3818 4275 3772 3814 4039 4131 3777 4348 4255 3814 3803 3979 4106 4369 3979 3651 3867 4183 3822 3751 3854 4093 4032 4050 3866 4177 4134 4118 3789 3950 3989 3802 3753 3773 3914 3972 4088 4000 3996 4064 4107 4155 4189 3872 4035 3774 4132 4320 4237 3595 3716 3995 4003 4426 3946 4055 3912 4198 3970 3822 4090 3935 4268 4256 4103 3763 4149 4057 4097 4121 4143 4144 4231 4161 3979 4093 4427 4004 4096 3939 4055 3914 3859 4191 3854 3865 3808 4232 4228 4357 4410 3718 4234 4481 3395 4410 3608 3968 3230 3933 4085 3790 3935 3779 4151 4296 3926 3940 3657 3955 3967 3903 4138 4301 3656 4095 3745 4142 4374 3858 4035 3995 3900 4024 4099 4147 3941 3844 4217 4050 3969 4459 3938 3903 4228 3633 3935 4040 4287 4108 3914 3954 4127 3880 3985 3940 3918 3914 4203 3989 3938 4055 4012 4160 3726 3516 3995 3943 3932 3832 3674 4110 3949 3922 3946 4225 4070 4116 4100 4021 4114 4287 
4472 4576 4503 4410 3923 4106 4250 4299 4422 4136 4014 4017 4008 3989 4396 3954 4582 4000 3795 4154 3721 4080 4148 4183 4424 4317 4101 4061 4028 4268 3946 3994 4102 4428 3965 4441 4261 3980 3867 4156 4196 4352 4320 3912 3962 4489 4164 3870 4082 4352 4269 4127 4162 4155 3983 4341 4084 4409 4086 3775 3836 4089 4175 4161 4271 4030 3922 4220 4371 4381 4213 3974 4478 4375 4403 4149 4448 4014 3850 4152 4480 4253 4166 4189 4388 4112 4373 3913 4125 3698 4521 4248 3888 3952 4296 4252 4140 4373 4350 4288 4602 4378 4163 4219 4558 4439 4272 4258 4226 3903 4040 4334 4112 3910 4226 4357 4158 4314 4518 4121 4557 4734 3483 4673 3871 4103 3543 4152 3956 3772 4159 4268 4139 4682 4470 4256 3779 4119 3997 4322 4285 4295 3819 4313 4086 4032 4469 4215 4043 4057 4055 4066 4168 4237 4580 4270 4340 4156 3996 4409 4300 4010 4293 4013 4031 4356 4455 4472 4148 4236 4290 3941 4204 4396 4224 4120 4169 4302 4158 4253 4323 4506 4158 3776 3986 4000 4173 3967 3839 4118 4142 4132 3845 4383 4108 4549 4332 4381 4244 4360 
4855 4699 4625 4723 4182 4586 4620 4488 4650 4268 4498 4100 4738 4174 4566 4274 5080 4054 4230 4442 4154 4197 4421 4466 4686 4626 4409 4461 4291 4603 4277 4250 4440 4605 4295 4466 4565 4304 4110 4315 4519 4667 4562 4401 4322 4566 4331 4056 4344 4599 4732 4313 4526 4459 4479 4620 4338 4531 4323 4121 4085 4166 4447 4804 4458 4234 4345 4579 4377 4494 4540 4493 4718 4299 4442 4622 4633 4068 4201 4491 4487 4767 4496 4267 4584 4451 4502 4519 4497 4394 4916 4703 4557 4164 4331 4475 4407 4686 4836 4323 4620 4629 4671 4613 4933 4605 4765 4451 4433 4397 4056 4660 4331 4407 4427 4785 4623 4786 4858 4459 4675 5070 3852 4952 4126 4521 4073 4520 4398 4220 4440 4550 4635 4903 4821 4372 4185 4268 4379 4684 4523 4567 3902 4670 4363 4280 4672 4146 4190 4575 4187 4338 4867 4454 4693 4451 4745 4593 4304 4772 4622 4246 4427 4414 4222 4441 4583 4372 4437 4516 4539 4134 4548 4836 4385 4494 4239 4561 4562 4470 4355 4660 4391 4255 4267 4379 4533 4139 3891 4456 4697 4363 4196 4572 4464 4738 4396 4572 4506 4746 
4686 4695 4909 4875 4517 4381 4746 4782 4708 4468 4351 3954 4608 4005 4571 4376 4920 4227 4146 4665 4176 4209 4375 4523 4525 4642 4413 4388 4419 4518 4167 4179 4543 4608 4222 4600 4771 4347 4170 4388 4312 4646 4434 4151 4359 4690 4307 4260 4077 4536 4606 4506 4270 4571 4352 4499 4357 4557 4534 4053 4468 4136 4264 4591 4737 4345 4298 4357 4442 4767 4509 4315 4603 4225 4702 4635 4678 4456 4236 4453 4454 4607 4381 4278 4357 4395 4639 4014 4448 4259 4640 4690 4278 4225 4489 4511 4521 4624 4632 4742 4759 4703 4543 4472 4797 4277 4350 4632 4683 4291 4415 4784 4288 4183 4532 4440 4535 4739 4691 4246 4711 5113 3824 5063 4220 4599 3809 4415 4384 4233 4334 4311 4551 4873 4545 4156 4212 4335 4456 4588 4487 4855 4082 4492 4258 4396 4690 4344 4564 4499 4550 4436 4602 4464 4865 4490 4674 4618 4175 4884 4562 3892 4413 4036 4463 4504 4807 4605 4525 4440 4422 4269 4444 4747 4408 4521 4542 4502 4561 4568 4675 4746 4660 4263 4232 4336 4318 4451 4053 4751 4419 4429 4196 4701 4711 4888 4521 4501 4565 4658 
4084 3993 4073 3903 3615 3586 3880 3797 3833 3634 4083 3437 3766 3471 3916 3694 3992 3583 3674 3840 3695 3652 3567 4014 3832 3709 3737 3714 3541 3629 3621 3526 3852 3918 3405 3791 3889 3544 3605 3742 3915 3828 3941 3700 3630 3861 3596 3644 3634 3844 3911 3607 3758 3676 3718 3873 3619 3500 3680 3389 3623 3732 3863 3836 3925 3741 3628 3577 3940 3818 3829 3717 3846 3549 3921 3868 4124 3591 3542 3667 3953 3962 3819 3585 3698 3746 3681 3516 3777 3493 4143 3776 3622 3462 3885 3636 3933 3893 4000 3870 3965 4026 3888 3813 4207 3885 3802 3621 3750 3607 3559 3925 3607 3674 3769 4090 3844 3955 3885 3532 4067 4151 3039 4276 3496 3837 3282 3697 3749 3306 3754 3592 4050 4059 4053 3750 3451 3630 3673 3919 3780 4021 3653 3895 3666 3715 3808 3504 3692 3476 3702 3771 3869 3493 3894 3463 3976 3732 3720 3894 3623 3426 3647 3488 3471 3713 4111 4058 3578 3957 3922 3403 3678 4106 3810 3743 3852 4003 3804 3784 3664 3972 3762 3401 3629 3615 3788 3436 3353 3903 3761 3428 3481 3961 3549 3812 3745 3856 3850 3823 
4410 4329 4072 4153 4106 4000 4004 4080 4112 3910 3873 3852 4119 3515 4259 3816 4164 3655 3564 4233 3701 3722 4090 3887 3865 3867 3823 3755 3561 4256 3756 3865 3722 3919 3617 4308 3937 3844 3740 3764 3908 4128 4081 3834 3612 3996 3960 3791 3644 3990 3993 3802 3983 4270 3939 4143 3843 3888 3747 3306 3696 3919 3930 4138 4177 3731 3906 4006 4097 4393 4108 3846 4007 3845 3965 4203 4001 3728 3776 3878 4231 4246 3702 3886 4109 3842 3752 3666 3829 3662 4061 3976 3842 3747 3799 3885 4052 3936 4028 3877 4253 4289 4049 4226 4161 4000 3947 4232 3927 3847 4010 4005 3835 3617 4059 4085 3830 4162 4262 3772 4265 4706 3172 4362 3825 4127 3440 4017 3689 3651 3653 3918 3887 4345 4248 3926 3510 3746 3824 3893 3855 3944 3716 3955 3815 3645 4071 4149 3843 3972 3820 3796 3971 3905 4273 4062 3970 4081 3977 4218 4093 3872 3890 3827 3931 3782 4229 4145 3748 4029 4303 3821 3833 4024 4041 3751 3959 3886 4090 4090 4094 4382 3983 3620 3611 3529 3999 3532 3810 4024 4095 3953 3766 4169 3910 4171 3648 3856 3994 4071 
4557 4236 4541 4483 4100 4187 4248 4459 4428 4207 4193 3955 4458 3888 4343 4272 4608 3939 4007 4470 3932 4213 4226 4242 4733 4336 4076 3981 4171 4304 3872 4078 4154 4428 4125 4405 4374 3846 3931 4182 4556 4265 4429 4276 3851 4474 4253 3878 4004 4142 4566 4245 4467 4133 4296 4369 4307 4194 4294 3804 4064 4011 4175 4309 4305 4122 4221 4247 4393 4466 4312 4141 4406 4376 4585 4270 4268 4109 4102 4215 4468 4513 4318 4002 4151 4261 4495 4245 4322 3863 4480 4426 4342 3843 4248 4317 4383 4327 4483 4280 4401 4372 4314 4364 4723 4477 4345 4320 4257 4167 4441 4520 4320 4015 4367 4547 4372 4465 4551 4083 4591 4840 3593 4694 4137 4325 3770 4216 4207 4004 4098 4032 4192 4605 4706 4258 3898 4244 4207 4387 4268 4416 3758 4534 4266 4225 4577 4187 4103 4090 4161 4192 4441 4249 4488 4180 4494 4446 4110 4444 4232 4195 4270 3897 4135 4256 4627 4364 4339 4376 4378 4035 4209 4333 4316 4270 4191 4343 4120 4402 4268 4500 4434 3844 3848 4290 4550 3902 3911 4467 4350 4104 3838 4451 4269 4226 4179 4384 4362 4637 
4536 4543 4460 4352 4009 4284 4405 4413 4100 4169 4323 3840 4470 3851 4231 4106 4637 3875 3942 4292 3971 4179 4107 4134 4274 4354 4096 4005 4109 4214 3985 4190 4092 4362 3901 4487 4370 4170 3903 4096 4342 4449 4378 4111 3902 4375 4044 3880 4138 4425 4280 3992 4271 4045 4258 4298 4176 4342 4035 3893 3899 4025 4126 4392 4308 4033 4148 4112 4317 4388 4325 4245 4423 4261 4373 4367 4309 3818 3868 4160 4220 4534 4197 3962 4232 4031 4169 4083 4135 3936 4561 3993 4166 3760 4205 4179 4383 4274 4479 4306 4482 4678 4189 4246 4499 4265 4480 4271 4286 4118 4111 4333 4275 3859 4357 4646 4308 4778 4579 4082 4439 4754 3531 4736 3909 4456 3654 4064 4276 3880 4209 3974 4245 4441 4331 3930 3827 4236 4196 4164 4010 4297 3830 4463 4305 4047 4467 4018 4063 4267 4078 4321 4550 4123 4616 4096 4285 4171 3995 4297 4274 4026 4097 3934 3812 4328 4555 4443 4296 4217 4336 4117 4318 4370 4415 4093 4091 4248 4141 4414 4283 4618 4174 4027 3929 4041 4076 4096 3709 4529 4219 4081 3867 4549 4033 4346 4301 4391 4498 4417 
3874 3929 3878 3841 3588 3663 3631 3745 3789 3612 3962 3385 3790 3264 3993 3448 3944 3461 3379 3826 3533 3653 3619 3917 3759 3803 3467 3460 3572 3836 3492 3790 3630 3620 3275 3929 3694 3675 3265 3547 3797 3931 3640 3490 3486 3751 3418 3387 3583 3698 3714 3526 3710 3648 3412 3715 3818 3817 3389 3237 3413 3407 3612 3680 3682 3333 3573 3511 3833 3801 3725 3651 4019 3507 3799 3718 3758 3368 3448 3638 3721 3896 3679 3549 3679 3537 3624 3374 3685 3165 4113 3553 3500 3465 3937 3942 3856 3870 3704 3711 3931 3904 3677 3716 4218 3820 3787 3774 3741 3744 3541 3863 3758 3596 3923 3726 3709 3955 4006 3506 3909 4164 3159 3965 3555 3968 3329 3851 3470 3499 3658 3641 3684 4094 3890 3432 3276 3667 3725 3756 3591 3780 3331 3991 3470 3761 3759 3663 3718 3615 3623 3652 3691 3521 3959 3660 4023 3674 3585 3902 3643 3635 3587 3597 3598 3913 3956 3673 3672 3641 3854 3417 3644 3975 3563 3461 3674 3790 3645 3707 3756 3910 3813 3263 3409 3462 3894 3427 3268 3664 3979 3468 3383 3761 3646 3835 3607 3726 3666 3995 
4362 4138 4159 4291 3924 4103 4019 4302 4219 3810 4193 3905 4039 3545 4404 3875 4230 3846 3730 4219 3840 3758 4262 4140 4434 4242 4005 4088 3924 4146 3918 4037 4086 4120 3936 4287 4013 3988 3876 4106 4225 4241 4104 3997 3917 4142 3828 3900 3847 4268 4463 3999 4072 4243 4117 4124 3865 4095 3894 3918 3929 4031 4255 4224 4181 4079 4145 3993 4070 4217 4330 4044 4259 3956 4295 4186 4281 3948 4010 4136 4034 4258 3961 3972 4165 3977 4321 4014 3979 3940 4240 4334 3870 3991 4085 4096 4257 4165 4089 4047 4326 4251 4311 4230 4348 4382 4086 4010 3986 4071 4001 4104 3958 3910 3934 4184 4218 4471 4531 3968 4195 4678 3521 4617 3681 4170 3835 3984 4174 4110 3913 3944 4274 4493 4438 3866 3785 3982 3884 4097 4095 4211 3688 4113 4079 4150 4267 3985 3937 4001 4207 4100 4161 4201 4247 4271 4210 4222 4064 4377 4137 3910 4092 3749 4029 4252 4362 4340 3877 4019 4101 3970 4100 4168 3980 4025 4166 4229 4043 4175 4213 4098 4004 3726 4103 4076 4243 3989 3765 3967 4243 3992 3939 4151 4016 4418 3993 4121 4216 4570 
4349 4393 4310 4363 4021 3955 4243 4447 4348 4027 4170 3918 4239 3715 4091 3945 4606 3858 3789 4193 3795 3940 3792 4079 4202 4030 4007 3969 4056 4322 3941 3919 3985 4246 3726 4415 3877 4099 3646 4219 4196 4130 4112 3849 3798 4190 4019 3911 3848 4220 4356 3850 4013 4206 4059 4073 4100 3926 4058 3759 3921 3961 4080 4395 4197 3875 3781 4124 4114 4353 4072 4052 4183 4098 4252 4314 4164 3951 3675 4265 4096 4306 4013 4004 4152 4004 4051 3800 4006 3806 4317 4263 3992 3729 4299 4018 4201 4315 4336 3991 4475 4418 4291 4119 4477 4190 4266 4171 4111 3839 3958 4193 4229 3940 4292 4209 4187 4399 4342 3837 4547 4766 3478 4623 3750 4100 3527 4099 4210 3855 4083 4117 3963 4536 4271 3873 3657 4132 4010 4261 4196 4345 3742 4247 4041 4182 4432 4273 4014 3744 3861 3974 4172 3780 4309 3988 4320 4200 4077 4285 4317 3982 4092 3908 3986 4057 4367 4316 4127 4322 4452 4004 3901 4343 4139 4070 3984 3936 4027 3880 4091 4257 4056 3678 3674 3902 4219 3829 3653 4177 4248 4043 3869 4028 4252 4064 3816 4389 4301 4233 
4484 4532 4354 4506 4212 4252 4212 4337 4202 4156 4273 3845 4278 3819 4587 4058 4415 3944 3968 3993 3851 3874 4033 4221 4489 4246 3863 4009 4041 4183 4161 3994 4236 4319 3764 4385 4200 4143 3958 4060 4183 4527 4051 3758 3960 4362 3837 3701 4196 4279 4317 4089 4021 4035 4013 4279 4097 3997 4017 3655 4114 4121 4242 4534 4078 3933 3953 3985 4046 4447 4115 4139 4308 4090 4182 4003 4263 3868 3967 4033 4320 4407 4201 4219 4268 4251 3991 3776 4024 4134 4494 4352 4143 3573 4409 4053 4204 4512 4297 4346 4389 4248 4297 4163 4388 4253 4051 4205 4317 4124 3834 4345 4045 4176 4163 4480 4093 4346 4522 3908 4286 4820 3545 4750 3917 4110 3654 4238 3890 3962 3970 4122 4381 4458 4281 4003 3882 3993 4101 4066 4401 4321 3838 4230 3991 4092 4190 3851 4131 4093 4023 4061 4314 4209 4458 4120 4361 3911 4052 4292 4345 3734 4106 3994 3828 4158 4545 4180 4121 4094 4255 3939 4267 4450 4118 4046 4271 4403 3986 4268 4055 4365 4375 4092 4120 3920 4310 4135 3760 4064 4037 3953 3910 4449 4054 4216 4006 4250 4025 4254 
4164 4323 4274 4321 3965 4139 4327 4185 4261 4090 4260 3906 4347 3697 4474 3817 4644 3786 3969 4312 3961 3952 3962 4122 4347 4225 4027 4010 3803 4268 3778 3940 3898 4211 3973 4154 4119 4305 3798 3900 4166 4263 4141 3877 3895 4217 3942 3892 4098 4241 4194 3750 4107 4165 3873 4000 4274 4285 3957 3758 3884 4152 4128 4359 4121 4091 3955 3894 4393 4314 4347 4142 4309 4253 4202 4247 4309 3928 3952 4189 4246 4393 4336 3947 3960 4195 4140 4008 4078 3962 4398 4510 3957 3564 4243 3969 4320 4371 4094 4099 4288 4437 4189 4099 4327 4213 4178 4116 4289 3798 3980 4436 4114 3929 4416 4290 4020 4434 4462 3895 4362 4554 3444 4618 3733 4205 3642 4315 4135 3889 4058 4219 4301 4369 4419 4042 3846 4335 4158 4195 4063 4221 3692 4426 4068 3931 4299 3878 4224 3836 3864 4144 4230 4024 4254 4245 4392 3997 4119 4227 4146 3834 4198 3816 3811 4283 4474 4228 3962 3953 4202 3854 4014 4438 4137 4001 4193 4314 4056 4221 4112 4351 4057 4023 3862 3792 4305 3916 3582 4254 4133 3810 3773 4233 4186 4205 4127 4289 4152 4394 
4620 4624 4820 4670 4397 4194 4398 4711 4714 4277 4623 4058 4500 4138 4682 4174 4947 4120 4126 4569 4134 4207 4516 4603 4681 4441 4375 4049 4238 4622 4410 4390 4434 4453 4175 4637 4523 4186 4180 4280 4571 4600 4481 4285 4242 4680 4462 4288 4404 4576 4745 4261 4228 4479 4394 4523 4491 4526 4489 4033 4051 4278 4480 4703 4566 4637 4456 4465 4674 4526 4734 4372 4523 4472 4609 4657 4536 4154 4023 4314 4499 4622 4425 4178 4384 4318 4628 4192 4493 4167 4834 4554 4482 4228 4637 4566 4518 4631 4516 4461 4836 4670 4516 4493 4901 4748 4451 4694 4568 4169 4215 4679 4318 4295 4661 4646 4552 4671 4846 4307 4931 4980 3653 4954 4177 4524 3847 4401 4535 4119 4489 4464 4642 5036 4730 4207 3807 4547 4452 4561 4523 4567 4031 4609 4207 4581 4832 4371 4390 4418 4306 4300 4705 4246 4714 4434 4546 4495 4273 4629 4586 4300 4358 4184 4314 4544 4756 4355 4448 4471 4539 4286 4411 4520 4554 4400 4413 4576 4511 4414 4388 4672 4428 3987 3925 4322 4462 4184 4023 4609 4559 4372 4146 4851 4507 4457 4572 4750 4569 4661 
4109 4272 4058 4033 3711 3854 3833 4160 3978 3797 4122 3691 3975 3501 4184 3845 4237 3777 3881 4125 3871 3768 3898 4077 4196 4034 3792 3559 3851 4035 3622 3724 3955 3838 3588 4149 3705 4025 3938 4097 3889 4078 3932 3863 3688 3824 3998 3759 3972 3751 4201 3785 4019 3932 3663 3956 3834 3842 3783 3595 3515 3855 3903 4274 4010 3700 3631 3678 3943 3994 4052 3838 4002 4005 4196 4007 4048 3703 3544 3860 3996 4147 4060 3946 3775 3798 3873 3691 4107 3674 4139 4249 3725 3801 4098 4163 4232 4185 3999 3894 4310 4175 4200 3807 4145 3991 3984 3889 3957 3667 3997 4050 3795 3852 4241 4148 3992 4228 4439 3739 4176 4490 3404 4715 3585 4013 3559 4066 4068 3718 3624 3792 4155 4150 4331 3879 3778 3925 3966 4105 4157 4204 3626 4141 3684 3815 4115 3771 3849 3728 3715 3892 4108 3824 4087 3911 4035 3869 3978 4294 3959 3617 3975 3657 3626 3894 4411 4151 3736 4078 4102 3577 3873 4306 3923 4046 4021 4118 3757 3868 3938 4253 3971 3835 3703 3693 4070 3740 3552 3926 4064 3837 3696 3941 3842 4048 3958 3914 3989 4355 
4389 4257 4234 4247 3903 3859 4303 4128 4045 3756 4167 3790 4359 3758 4314 3928 4317 3800 3682 4139 3750 3913 3830 4218 4243 4150 3808 4036 3873 4318 3854 3833 4088 4072 3707 4303 3822 4035 3900 4069 3869 4273 4055 3826 3812 4359 4302 3725 4285 4043 4224 3901 4045 4282 3807 4006 3813 4037 3958 3843 3939 4035 3850 4049 3929 3725 4030 4026 4186 4000 4183 3848 4174 3848 3908 4230 4210 3804 3783 4048 4080 4349 4185 3990 4117 4117 4252 3810 4000 3765 4217 4134 4002 3982 3870 4108 3976 4231 4229 4042 4367 4063 4263 4168 4332 4206 4381 3876 4129 3999 3867 4104 4080 3932 4199 4333 4207 4152 4417 3862 4237 4682 3394 4538 3716 4061 3753 4077 4044 3884 3921 3839 4223 4420 4063 3954 3792 4016 3998 4409 4004 4128 3731 4043 4152 4124 4547 3816 3803 4125 4034 4025 4115 4104 4239 4070 4257 4241 3925 4437 4205 3872 4202 4032 3797 4299 4207 3946 3984 4274 4247 3691 4226 4043 4140 3988 4029 4206 3855 3982 4012 4157 4116 3675 3700 4072 4239 4042 3739 4055 4223 3941 3772 4203 3920 4304 4005 4107 4170 4100 
4410 4478 4468 4486 3916 3975 4210 4256 4358 4143 4140 3766 4104 3799 4363 3924 4555 3658 4055 4071 3943 4130 4012 3969 4485 4179 4055 3957 4110 4336 3983 3913 4030 4270 3839 4266 4050 4083 3785 3983 4117 4317 4094 3862 4004 4196 3960 3844 3893 4027 4288 3749 4141 4081 4005 4147 4156 4009 4275 3707 4177 3858 3851 4386 4174 4012 4006 3996 4163 4123 4207 3959 4255 4160 4246 4379 4145 3770 4032 4352 4187 4359 4186 4037 4112 3903 3995 3936 3959 3988 4387 4191 4166 3839 4261 3927 4076 4303 4021 4307 4130 4430 4221 3949 4405 4125 4030 3941 4131 3725 4157 4310 4172 3896 4300 4552 4159 4347 4452 3661 4346 4785 3381 4527 3955 4154 3441 4112 3811 4110 3877 4163 4104 4036 4316 3989 3834 4139 4077 4305 4278 4317 3690 4307 4136 4067 4300 3907 3925 4116 4103 3999 4557 4009 4552 3988 4175 4071 3904 4459 4039 3920 4065 4071 4064 4141 4450 4213 4212 4281 4190 3763 4044 4207 4084 4094 4070 4220 3808 4097 4233 4372 4199 3973 3910 3966 4218 3836 3570 4240 4274 3798 3877 4159 4113 4037 4187 4209 4142 4440 
3627 3617 3793 3707 3439 3459 3457 3830 3765 3516 3468 3243 3573 3371 3604 3488 3719 3372 3300 3577 3540 3404 3331 3704 3602 3577 3680 3584 3493 3514 3333 3658 3581 3579 3239 3747 3580 3538 3373 3431 3713 3580 3397 3367 3368 3624 3476 3456 3515 3347 3697 3583 3299 3477 3469 3552 3913 3676 3574 3306 3438 3428 3691 3679 3582 3520 3581 3435 3672 3621 3551 3603 3463 3394 3519 3596 3598 3414 3363 3505 3696 3897 3559 3474 3522 3604 3777 3492 3505 3397 3847 3734 3631 3142 3654 3521 3344 3671 3700 3607 3764 3582 3395 3590 3618 3657 3743 3515 3629 3514 3483 3745 3555 3127 3696 3767 3931 3796 3777 3237 3770 4027 3102 4056 3300 3582 2960 3641 3576 3174 3567 3637 3755 3801 3809 3425 3278 3638 3426 3733 3497 3716 3081 3464 3456 3596 3685 3406 3363 3457 3396 3647 3793 3334 3760 3551 3758 3671 3369 3813 3481 3527 3301 3345 3412 3323 3808 3480 3474 3467 3747 3410 3481 3716 3429 3485 3458 3699 3303 3528 3663 3603 3646 3214 3273 3596 3726 3374 3263 3576 3650 3519 3283 3727 3506 3634 3491 3744 3658 3574 
4243 4365 4280 4446 3877 4302 4117 4337 4299 3751 4049 3979 4099 3605 4338 3755 4262 3613 3861 4285 3796 4010 3821 4236 4476 4309 3904 4110 4212 4214 4068 3943 4149 4180 3833 4356 4169 3888 3863 4080 4127 4229 4094 3872 3711 4002 3923 3732 3998 4178 4173 3815 4200 4315 3901 4341 4094 4086 3953 3782 3956 4017 4209 4248 4047 3925 3830 3923 4217 4104 4199 4106 4408 3949 4089 4285 4035 3903 3762 4317 4050 4228 4233 3945 4136 4091 4188 3841 4157 3927 4163 4162 3984 3868 4045 4315 3927 4288 4199 4348 4467 4313 4184 4181 4304 4142 4259 3911 4045 3852 4080 4539 4101 3747 4188 4286 4144 4401 4326 3719 4394 4711 3561 4485 3721 4143 3884 3898 4077 4081 4030 4036 4250 4249 4179 3903 3721 3885 4066 4246 4034 4199 3480 4101 3939 3993 4229 4074 4222 4280 4196 3872 4245 4140 4287 4056 4256 4360 3983 4574 4196 3964 3967 4055 4319 4259 4542 4139 3986 4190 4174 3757 4132 4055 3983 4034 3921 3788 3809 4035 4269 4297 4270 3785 3948 3992 4359 3766 3734 4326 4209 4304 3928 4207 4113 4326 3822 4262 4218 4373 
4009 4054 3961 3948 3614 3717 3688 3951 3883 3912 3789 3521 3654 3610 4056 3670 4201 3668 3776 3994 3662 3508 3608 3831 3724 4001 3703 3781 3545 3742 3705 3707 3734 3925 3510 3815 3850 3661 3542 3589 3717 3570 3702 3563 3548 3717 3925 3521 3598 3702 4060 3763 3727 3798 3682 3714 3908 3746 3911 3315 3868 3682 3686 3792 3785 3742 3717 3991 4023 3988 3942 3719 3814 3713 3694 3833 3991 3717 3427 3666 3668 3955 3981 3634 3674 3559 3769 3529 3872 3426 4262 3946 3740 3455 3862 3913 3968 3940 3724 3605 4073 4042 3941 3710 4048 3656 3879 3803 3818 3714 3652 3814 3733 3508 4074 3883 3811 3762 4019 3740 4122 3936 3528 4239 3403 3844 3358 3754 3925 3661 3681 3799 3971 4140 4266 3760 3525 3736 3944 3824 3955 3720 3355 3943 3568 3745 4233 3556 3723 3708 3818 3812 3846 3576 3938 3966 4104 3948 3599 4027 3836 3400 3836 3438 3714 3814 4181 3823 4014 3800 3788 3332 3817 3969 4011 3598 3901 3861 3650 3684 3810 4051 4045 3454 3219 3449 3918 3572 3315 3955 4036 3916 3504 4009 3834 3694 3852 3964 3877 3969 
4008 4198 3944 4196 3627 3739 3788 4085 3793 3774 4019 3517 3865 3553 3937 3566 4182 3656 3714 3889 3672 3747 3770 3862 3943 3988 3826 3698 3746 4110 3805 3787 3873 3963 3500 3957 3859 3698 3708 3740 3779 3909 3713 3513 3694 4056 3745 3554 3618 3829 3861 3664 3646 3642 3708 3871 3768 3895 3704 3477 3645 3552 3825 4063 3901 3561 3612 3685 3942 3915 3770 3765 3983 3757 3999 4056 3821 3696 3657 3990 4066 4003 3720 3778 3785 3664 3813 3663 3876 3538 4125 3778 3760 3585 4094 3800 3936 4154 3792 3847 4070 4119 3918 3911 4102 3977 4025 3834 3909 3752 3636 4014 3672 3820 3978 3980 3767 3940 4118 3463 4000 4482 3411 4183 3664 3849 3226 3847 3729 3647 3598 3815 3910 4161 3879 3658 3579 3779 3670 3786 4097 4139 3351 3907 3822 3687 4152 3648 3653 3807 3811 3713 4095 3832 4249 3789 4177 3657 3725 4013 3881 3487 3828 3777 3726 3990 3940 3817 3741 3807 3862 3644 3764 3858 3715 3772 3670 3664 3776 3803 3993 3877 4020 3519 3733 3714 3889 3757 3248 3760 3931 3505 3525 3943 3794 3985 3929 4024 3802 3980 
4100 4241 3975 3897 3626 3615 3876 4025 3790 3466 4140 3684 4002 3542 4114 3677 4277 3790 3779 3826 3674 3597 3970 3810 4053 3757 3709 3891 3745 4070 3906 3686 3944 4007 3616 3838 4182 3707 3620 3902 4024 3997 4124 3624 3680 3905 3742 3699 3746 3959 4007 3921 4102 3997 3634 3859 3818 3942 3726 3500 3872 3731 3803 4155 4047 3855 3557 3831 4104 4093 3931 3864 3977 3831 4002 3927 3925 3768 3645 3791 3972 4123 3780 3508 3819 3737 3964 3412 3824 3774 4126 3862 4022 3664 3844 3873 4193 4099 3994 4023 4085 4210 4234 4058 4220 4031 4005 4072 3852 3768 3553 4102 3706 3828 4110 4193 3910 4090 3954 3639 4134 4296 3414 4341 3803 3798 3414 3989 3952 3814 3900 3864 4227 4172 4018 3750 3353 3778 3652 3835 4275 3993 3506 3919 3933 3679 3973 3805 3763 3626 3894 3649 4108 3978 4057 4051 4129 3770 3879 4278 4090 3683 3893 3584 3705 4063 4392 3945 3838 4055 4024 3603 3846 3993 3994 3888 3908 3787 3765 3874 3869 4140 4009 3832 3735 3687 3969 3881 3419 4120 3853 3824 3764 4182 3775 3948 3780 4050 3762 4272 
4184 4083 4125 4157 3776 3774 3825 4011 3892 3798 4288 3700 4063 3571 4056 3951 4295 3504 3833 3841 3718 3709 3977 3930 3993 3927 3840 3873 3684 3959 3577 3684 3921 3902 3924 3777 3928 3940 3619 3918 4090 3908 3938 3622 3518 3872 3905 3818 3849 3976 3990 3872 3993 3920 3928 4112 3760 3876 3806 3365 3814 3752 3885 4164 3895 3728 3839 3593 4080 3975 4176 3927 3829 3881 4111 3919 4072 3874 3753 3967 4107 4084 3804 3794 3890 4033 3911 3619 3896 3638 4251 4010 3727 3844 3909 3929 4005 4071 3942 3983 4170 4272 4010 4087 4222 4133 4073 3964 3807 3865 3848 4119 3895 3690 4110 4007 3963 4284 4326 3600 4143 4390 3097 4433 3676 3838 3479 3824 3700 3710 3793 3692 3872 3990 4153 3783 3560 3754 3858 4005 3952 4126 3813 3959 3891 3905 4219 3780 3720 3737 4057 3891 3971 3849 4117 3726 4172 3774 3910 4251 3740 3730 3836 3680 3796 4097 4301 4078 3735 3915 4106 3695 4046 3944 4041 3947 3919 3906 3840 3929 3640 4151 4158 3539 3769 3589 3973 3842 3609 4089 3946 3754 3741 4236 4042 3972 3759 4068 3944 3989 
4596 4312 4293 4418 4105 3913 4419 4514 4214 3988 4297 4010 4283 3831 4692 4183 4349 3822 3904 4545 4287 4358 4232 4383 4307 4261 4033 4066 4058 4290 3983 4108 4017 4257 3823 4141 4387 4213 4171 4143 4249 4458 4382 3918 4044 4126 4325 3942 4336 4337 4053 3974 4462 4160 4138 4175 4066 4358 3904 3743 3986 4119 4169 4127 4105 4074 4348 4094 4543 4452 4513 4023 4523 4053 4308 4487 4404 4041 3881 4139 4417 4426 4224 4206 4087 4186 4164 4090 4150 3766 4576 4309 4293 4145 4368 4308 4293 4508 4187 4403 4516 4787 4421 4192 4451 4243 3957 4196 4401 3953 4254 4518 4280 3913 4311 4616 4544 4593 4524 3916 4570 4928 3548 4786 4069 4390 3765 4286 4250 3788 4071 4152 4238 4571 4686 4189 3948 4296 4378 4481 4575 4367 4198 4302 4003 4096 4448 4110 4190 4042 4157 4390 4481 4225 4541 4164 4409 4279 4307 4757 4087 4173 4241 3857 3883 4471 4645 4334 4071 4256 4493 3740 4037 4329 4306 4020 4460 4368 4257 4441 4230 4617 4484 3778 4054 3894 4337 4155 3707 4376 4338 4076 4013 4348 4193 4383 4273 4428 4279 4469 
4604 4502 4506 4412 4106 4154 4281 4504 4367 3809 4339 3742 4498 3585 4299 4224 4665 4106 3988 4290 3891 3931 4184 4363 4269 4115 4244 4161 4222 4489 4133 3937 4334 4526 4177 4530 4259 3962 3895 4047 4045 4377 4166 4038 3974 4327 4191 4020 4043 4178 4186 4306 4159 4207 4245 4167 4002 4401 4293 3855 3968 4096 4157 4451 4190 4343 3992 4198 4137 4432 4526 4072 4290 4285 4360 4362 4446 4136 4038 4438 4221 4265 4109 3897 4234 4178 4502 3990 4397 3996 4342 4383 4066 4015 4154 4424 4370 4557 4206 4312 4509 4470 4335 4332 4482 4263 4142 4491 4378 3845 4040 4491 4183 4030 4274 4483 4106 4423 4674 4133 4760 4914 3808 4788 4001 4430 3737 4121 4360 3829 3953 4048 4319 4308 4264 4048 3866 4191 4222 4185 4110 4464 3703 4306 4234 4031 4500 4195 4021 4361 4192 4307 4300 4218 4421 4261 4163 4569 4480 4552 4135 3989 4337 3884 4046 4206 4427 4088 4142 4410 4395 4167 4200 4285 4253 4367 4416 4334 4211 4200 4216 4356 4147 3842 4145 3893 4206 4120 4013 4611 4357 4105 4044 4354 4356 4396 4302 4244 4172 4441 
3980 4140 4244 3935 3876 3707 3999 3944 4023 3756 4065 3611 4058 3647 3857 3742 4261 3664 3539 4037 3701 3564 3926 3902 4061 4092 3437 3812 3814 4279 3954 3864 3917 3968 3456 3911 3948 4107 3670 3886 4040 4118 4116 3719 3644 4047 3873 3681 3898 3915 4191 3899 3715 3892 3847 4243 4024 3723 3796 3456 3973 3833 3741 4085 3858 3940 3560 3840 4066 3947 4011 3836 3911 3721 3868 3772 3838 3430 3638 3961 3975 4162 4084 3700 3837 3812 3882 3568 3742 3773 4155 3709 3766 3708 3803 3856 3771 4027 4143 3887 4138 4126 3927 3834 4270 3920 3943 4066 4119 3911 3681 3957 4088 3820 4126 3971 4043 4116 4211 3767 4191 4576 3468 4407 3596 3991 3340 4100 3784 3758 3781 3879 3931 4460 4120 3561 3589 3696 4031 4019 4019 4064 3427 3917 3811 3885 4217 3935 3642 3861 3750 3834 3947 3755 4248 3918 4322 4090 3780 4167 4239 3526 3815 3779 3788 3799 4233 3865 3777 4156 4148 3726 3988 4046 3847 3837 4024 3796 3904 4084 3974 3929 3950 3378 3556 3786 3965 3799 3571 3981 4103 3844 3622 4157 4007 3796 3874 3836 4100 4025 
4436 4381 4464 4277 4037 3807 4341 4293 4119 3937 4231 3903 4288 3661 4144 3844 4434 3790 3943 4376 3930 3883 4024 4342 4291 4060 3943 3875 3827 4105 3954 4038 4289 4130 3733 4057 4076 3924 3808 3959 3950 4206 4021 3886 3769 4261 3740 3963 3909 4109 4332 4009 4008 3993 3913 3837 3981 4253 3953 3690 3828 4077 4030 4316 3971 4110 4167 3973 4215 4132 4095 3790 4275 4130 4234 4143 4103 3969 3756 3941 4159 4293 4046 3914 3819 3999 4033 3829 4086 3539 4232 4259 4082 3551 4147 4087 4205 4452 4334 4163 4498 4221 4228 4152 4444 4191 4425 4274 4174 3844 4007 4371 4048 3958 4215 4384 4197 4163 4203 4002 4364 4807 3512 4605 3852 4311 3853 4134 3766 4015 3992 3965 4134 4296 4181 3886 3555 4100 4195 4252 4210 4377 3808 4277 3981 4179 4278 3834 3843 3807 3975 4099 4430 3992 4442 3984 4417 4254 4169 4400 4172 4087 3921 3934 3768 4207 4467 4006 4022 4229 4287 3774 4155 4375 3938 4082 4084 4234 4159 4302 3922 4230 3940 3613 3658 3910 4192 4022 3681 4401 4137 3787 3851 4260 4195 3839 3986 4250 4109 4276 
4122 3833 3939 4140 3841 3800 3932 4249 4057 3517 3917 3717 3859 3565 4134 3611 4129 3660 3459 4029 3647 3544 3900 3699 4029 3820 3806 3934 3605 4312 3670 3628 3655 3983 3829 4250 4044 3800 3605 3843 3896 4262 3887 3603 3707 4170 3889 3652 3760 3752 3771 3867 3973 4110 3782 3753 3835 3905 3837 3456 3595 3836 3728 4152 4053 3705 3794 3852 4121 3970 4146 3640 3902 3865 3902 3849 4113 3719 3807 4035 4149 4150 3846 3775 3840 3839 4057 3675 3845 3649 4207 4044 3827 3680 3922 3831 3772 4015 4112 3813 4273 3874 4074 3865 4138 4029 3930 3958 4053 3762 3771 3959 4081 3744 4063 4195 3907 4281 4263 3516 4310 4529 3398 4488 3564 4018 3549 3855 3795 3544 3962 3878 3932 4207 4022 3728 3519 4077 3795 3931 3895 3891 3678 4136 3947 3802 4047 3763 3771 3827 3732 3673 3914 3923 4125 4225 4019 4104 3864 4224 4076 3768 3810 3679 3795 3984 4046 3900 3797 3920 4098 3898 3665 3971 4011 3853 3942 3902 3937 3872 4012 4063 3960 3708 3687 3655 3938 3576 3645 3991 4034 3731 3443 3972 3764 4119 3811 4124 3937 3983 
4301 4073 4122 4120 3831 4039 4183 4224 4104 3771 3898 3793 3959 3688 4163 3491 4405 3792 3767 3982 3756 3723 4005 3778 4183 4138 3814 3845 3641 4033 3782 3931 3840 3881 3684 3999 3916 3788 3714 3815 4157 3927 3994 3804 3629 4060 3857 3607 3746 4084 4072 3834 3892 3930 4040 4019 3979 4047 3873 3476 3668 3978 3827 4110 4093 3924 3838 3790 4035 4000 3884 3846 4015 3879 4019 3925 4088 3747 3629 3863 4147 4157 3894 3775 3902 3784 4035 3736 3817 3797 4056 4275 4121 3834 3781 3793 3895 4087 4114 3820 4273 4328 4234 3847 4028 4080 4036 3897 3999 3680 3892 3988 3941 3867 4172 4353 3971 4174 4265 3711 4354 4583 3331 4572 3628 3842 3336 4032 3854 3636 3870 3838 4155 4373 3948 3750 3752 3701 3655 3921 4128 4183 3676 3903 3847 3960 3994 4001 3677 3975 3793 3754 4282 3957 4124 4012 4268 3966 3995 4211 3877 3817 4172 3743 3727 4069 4269 4036 3853 4158 4213 3681 3920 4091 4029 3781 3779 4167 3822 4105 4038 4221 4064 3872 3860 3768 4052 3815 3728 3830 3943 3768 3676 4059 3953 4009 3953 4224 4199 4043 
4363 4393 4796 4535 4016 4136 4424 4485 4424 4108 4269 4023 4279 3889 4403 3857 4564 3881 4093 4332 4064 4024 4202 4244 4627 4391 4270 4034 4122 4309 4131 4276 4264 4217 3973 4475 4361 4004 3977 4133 4440 4244 4413 4302 3801 4362 4127 4131 4212 4288 4319 4236 4295 4258 4290 4308 4282 4372 4130 3929 3816 4068 4266 4358 4388 4025 4305 4282 4465 4484 4290 4320 4221 4208 4584 4136 4182 3954 4089 4297 4135 4593 4317 4115 4221 4242 4282 4046 4321 3786 4418 4630 3987 4005 4213 4357 4207 4377 4275 4277 4843 4390 4459 4217 4488 4426 4221 4604 4370 3971 4155 4469 4285 3871 4306 4551 4484 4580 4789 4227 4475 4667 3431 4813 4065 4315 3676 4399 4276 4142 4048 4223 4551 4692 4545 4286 3875 4232 4111 4315 4235 4724 3898 4284 3940 4252 4571 4047 4201 4331 4051 4187 4359 4122 4332 4285 4525 4211 4221 4275 4349 3986 4345 4052 4081 4419 4479 4387 4198 4341 4335 3989 4277 4335 4362 4361 4396 4499 4609 4130 4241 4497 4309 3925 4094 4025 4373 4112 3934 4316 4270 4170 3835 4481 4312 4533 4255 4452 4273 4684 
4141 4252 4309 4196 3943 3791 3930 4062 4156 3737 3788 3891 4003 3542 3950 3899 4223 3672 3760 3906 3511 3833 3920 4003 4175 4019 3607 3903 3876 4197 3880 3912 3979 4051 3774 3760 4143 3768 3949 3761 3950 4121 4105 3852 3699 3964 3641 3528 3714 3951 4151 3949 4127 3837 3924 4171 3928 4177 4057 3622 3735 3554 3958 4222 4038 3779 3851 3924 3811 4153 4108 3903 4052 3882 4025 4027 3784 3782 3598 3859 3982 4259 3934 3667 4031 3781 3932 3660 3852 3624 4130 4119 3939 3589 3772 3888 4021 4045 4138 4140 4265 4267 4160 4172 4148 4093 3884 4196 4027 3691 3815 4055 3853 3759 3886 4011 3850 4099 4150 3744 4195 4494 3350 4364 3828 3836 3515 4036 3792 3716 3706 3941 4097 4165 4146 3752 3408 3758 3823 3863 4181 4294 3598 3858 3617 3711 4195 3890 3721 3877 3823 3960 4370 3828 4233 3849 4129 3905 3859 4244 4037 3623 3812 3643 3914 3848 4031 3944 3915 4046 3948 3740 3976 4236 3969 4015 3966 3971 3831 3917 3895 4141 3977 3827 3818 3639 3938 3630 3622 4080 4086 3809 3719 4050 3992 4001 3780 4117 3815 4301 
4120 4111 4308 4198 4041 3928 4265 4138 4179 3964 4417 3745 4082 3825 4014 3815 4296 3687 3848 4155 3909 4062 3981 4322 4161 4056 4013 3808 4055 4296 3712 3823 4026 4122 3969 4052 4046 3912 3895 3990 3964 4128 4079 3903 3825 4307 4058 3678 3992 4226 4114 4020 4020 3942 3895 4436 4042 4066 4140 3661 3651 4115 4023 4110 4221 3959 3937 3959 3931 4114 4210 3950 4178 3901 4048 4138 4063 4091 3700 4151 4110 4244 3888 4017 3995 3959 4221 3796 4245 3594 4045 4255 3989 3751 4036 3968 3927 4300 4264 4053 4280 4395 4174 4141 4480 4025 4201 4067 3905 3710 4147 4358 4172 3891 4246 4279 4050 4198 4461 3777 4382 4716 3476 4544 3810 4142 3867 4116 3856 3916 3984 4000 3883 4234 4133 3745 3870 3966 3969 4246 4151 4132 3775 4185 4015 4015 4385 3975 3873 3864 4142 3928 4348 4172 4322 3932 4062 4211 3919 4308 4043 3782 3968 3715 3890 4311 4315 4140 4144 4146 4426 3803 4142 4225 3933 4058 4095 3995 3891 4143 4146 4272 4119 3625 3730 3784 4046 3900 3649 4189 4154 3885 3826 4136 3905 4312 4006 4095 4143 4238 
4041 4028 4114 4093 3504 4012 4037 4149 4164 3445 3767 3687 4051 3605 4045 3609 4300 3678 3541 4049 3353 3721 3768 3623 4232 3901 3814 4154 3851 4107 3769 3813 3734 3947 3616 4023 3829 3820 3731 3951 3788 3882 4039 3737 3938 4047 3781 3606 3835 3947 3963 3747 4059 3984 3838 3876 3869 4083 3869 3593 3683 3511 3734 4188 3967 3586 3824 3659 4017 3860 3985 3788 4004 3645 4025 3875 4038 3671 3870 3918 3788 3881 3944 3960 3938 3717 3952 3451 3906 3633 4034 4058 4024 3743 3741 3765 4073 4032 4076 3867 4125 3957 4067 3882 4390 4031 3996 3787 4061 3959 3649 4118 3929 3732 4112 4033 3864 4006 4036 3745 4197 4337 3404 4411 3643 4033 3267 4037 3848 3509 3692 3837 4024 4236 4069 4009 3574 3909 3831 4109 3891 4112 3517 3863 3895 3854 3987 3898 3956 3897 3839 3978 3929 3911 3983 4125 4173 4004 3877 4117 3999 3532 3857 3683 3875 3954 4034 4106 3804 3951 3993 3493 3739 4216 3910 3946 3696 4103 3743 3767 3988 4010 3917 3828 3703 3746 4219 3880 3498 3843 3811 3821 3709 4020 4179 3994 3960 3962 4040 4099 
4533 4512 4496 4536 4008 4238 4428 4435 4332 4079 4196 3888 4277 4021 4564 3870 4573 3913 4001 4313 4045 4133 3961 4144 4562 4221 4257 4023 4191 4326 4133 4163 4395 4361 3930 4606 4062 4186 3911 3998 4332 4407 4450 4018 4144 4301 4047 4046 4142 4349 4240 4156 4165 4314 4226 4348 4237 4338 4183 3745 4030 4082 4033 4360 4234 4267 4039 4075 4364 4301 4412 4023 4107 4252 4436 4231 4430 4186 4042 4192 4182 4459 4385 4333 3948 4088 4433 4015 4175 4103 4393 4352 4235 4151 4193 4289 4268 4611 4354 4293 4495 4502 4425 4346 4538 4360 4398 4059 4262 3936 4220 4315 4145 4325 4456 4581 4306 4571 4518 3939 4453 4884 3764 4706 3988 4244 3644 4179 4288 3911 4108 4229 4293 4642 4194 4038 3933 4228 4154 4520 4408 4694 3878 4419 4196 4209 4641 4046 3992 4146 4126 4044 4518 4131 4417 4191 4344 4497 4261 4478 4297 4068 4220 3985 4051 4232 4605 4243 4013 4509 4322 3913 4246 4292 4267 4126 4296 4426 4369 4379 4367 4608 4204 3913 4019 4093 4491 4167 3896 4273 4245 4408 3933 4412 4182 4420 4331 4387 4282 4623 
4138 4167 4017 4060 3628 3730 3987 4240 3952 3829 4154 3674 4087 3839 3934 3967 4188 3563 3547 4126 3785 3767 3834 3992 4291 4110 4030 3922 3494 4030 3812 3861 3820 3942 3601 4143 4176 4024 3799 4119 4186 4031 3773 3680 3841 4069 3811 3667 4128 3992 4201 4024 3737 3963 3840 4117 4059 3957 3686 3524 3673 3739 3991 4064 3945 3675 3798 3927 4225 3892 4007 3691 3940 3784 4093 4107 4201 3813 3849 3893 3980 4159 3788 3858 3781 3975 4115 3515 3949 3701 4245 4016 3742 3921 3751 4053 3963 3920 4099 3861 4234 4147 4019 3949 4152 3990 3935 3931 4044 4147 3775 4055 3701 3834 4282 4151 4183 4052 4301 3633 4050 4299 3303 4459 3513 3954 3450 3874 3706 3467 3851 3822 4002 4335 4224 3761 3578 3615 3943 4078 4229 4117 3625 4136 3829 4029 4271 3559 3885 3932 3781 3646 3910 3712 4041 3903 4171 3941 3668 4274 4093 3896 3691 3670 3604 3968 4372 4152 3806 3809 3946 3687 3995 3961 3912 3928 3776 3901 3880 3997 3964 4088 3826 3588 3573 3849 3973 3841 3673 3952 3973 3799 3596 4318 3937 4126 3741 3984 4259 3963 
4117 4115 4199 3919 3691 3845 4024 4091 3998 3807 4095 3693 4069 3576 4111 3848 4226 3468 3720 4197 3911 3776 4034 3941 4260 4152 3565 3764 3888 4096 3881 3826 3935 3934 3610 4139 4165 3694 3705 3824 3867 3926 3948 3754 3478 3767 3812 3519 3790 3875 3984 3760 3897 3950 3822 4192 3910 3964 3772 3460 3753 3861 3869 3911 4048 3885 3731 3872 3924 4023 4006 3848 4159 3718 3959 3952 3971 3672 3915 3792 4117 4061 3988 3834 3918 3871 3784 3730 3969 3742 4139 3896 3854 3708 4096 3866 3890 4212 3953 4166 4031 4171 4027 3984 4293 3918 3948 3924 4035 3803 3921 3992 3911 3684 3886 4374 3901 4268 4077 3595 4125 4449 3172 4272 3519 3917 3356 3982 3765 3553 3826 3756 4160 4064 4040 3848 3636 3714 3985 3946 4128 3967 3600 4014 3983 3779 3970 3678 3549 4066 3894 3820 3970 3947 3970 3922 3972 4023 3802 4123 3909 3661 3986 3502 3822 4051 4240 4021 4042 4001 4122 3483 4005 3880 3959 3947 3732 4092 4043 4047 4075 4271 4031 3525 3391 3798 3947 3823 3609 3867 4152 3788 4033 4160 3737 4033 3733 3649 4066 3835 
4419 4471 4806 4499 4310 4182 4468 4318 4138 4180 4478 4075 4579 3946 4267 4177 4719 4072 3975 4368 4027 4139 4323 4317 4636 4367 4135 3963 4252 4278 4180 4048 4242 4498 3966 4375 4548 4084 4035 4223 4421 4311 4449 4227 4022 4347 4257 4084 4381 4558 4303 4116 4378 4295 4173 4912 4500 4473 4200 3831 4142 4146 4284 4576 4252 4235 4304 4231 4602 4455 4415 4339 4621 4367 4392 4468 4506 3922 4004 4199 4367 4490 4213 4293 4202 4083 4575 4057 4279 4160 4462 4391 4325 4181 4247 4502 4223 4562 4594 4355 4733 4448 4357 4364 4633 4356 4141 4251 4363 4197 4171 4447 4255 4248 4248 4504 4539 4510 4811 4175 4531 4993 3643 4927 4333 4268 3955 4577 4343 4146 4372 4114 4343 4641 4608 3998 3984 4222 4308 4357 4417 4721 3881 4339 4381 4384 4754 4344 4203 4339 3999 4108 4484 4312 4725 4231 4536 4319 4119 4513 4493 4281 4422 4177 4215 4364 4504 4417 4244 4458 4233 3942 4398 4363 4606 4569 4507 4421 4488 4169 4509 4453 4311 3712 3966 4095 4470 4201 3915 4468 4477 4112 4121 4488 4419 4361 4425 4281 4525 4761 
4133 4008 4208 4093 3939 3669 4046 4106 3927 3623 4061 3317 3901 3505 3911 3538 4023 3662 3595 3945 3659 3664 3698 3992 4036 3733 3797 3695 3826 4131 3474 3691 3765 3974 3534 3796 4059 3739 3423 4045 3827 4012 3834 3882 3888 3987 3612 3380 3577 3912 3851 3529 4117 4046 3597 3841 3868 3741 3934 3657 3533 3681 3873 3936 3827 3607 3679 3624 3754 3906 4041 3839 3925 3720 3927 4084 3923 3658 3597 3727 3714 4170 4034 3880 3665 3714 3980 3530 3865 3509 4094 3937 3896 3503 3856 3799 3894 3991 3921 3915 3982 4076 4074 3909 4193 3758 3763 3804 3880 3671 3823 3966 3817 3391 4203 3932 3963 3807 4107 3687 4048 4139 3345 4337 3812 3875 3364 3787 3914 3702 3821 3916 3934 4439 4004 3678 3396 3567 3750 4084 3829 4097 3564 3979 3866 3757 4143 3758 3717 3576 3751 3931 4103 3560 3938 3809 3920 3924 3601 4197 3840 3520 3763 3528 3702 3782 3872 4051 3843 3854 4087 3708 3764 4139 3936 3805 3864 3642 3520 3879 3807 4055 3999 3469 3341 3560 4096 3761 3522 3835 4040 3534 3613 3931 3917 4040 3803 3971 3862 4084 
4191 4239 4227 4067 3945 3826 4089 4016 4169 3986 3921 3826 4329 3768 3962 3848 4084 3662 3814 3939 3900 3734 4036 3990 4163 4004 3843 3761 3797 4209 3829 3826 3833 4038 3814 4052 3987 3689 3874 3776 4068 3958 3906 3880 3690 4103 3921 3613 3782 3958 4073 4114 3894 3896 3846 4033 3894 3923 4124 3505 3918 3788 3810 4233 3943 3751 3827 3982 3992 4072 3911 3930 4063 3825 3873 3835 3737 3834 3593 4004 4095 4223 3839 3795 4139 3883 3734 3559 3869 3767 3955 4201 4055 3546 4086 4283 4022 3966 3962 3974 4378 4298 3860 3974 4311 4039 3929 4077 4184 3787 3919 4315 3921 3294 4307 4212 4174 4364 4311 3929 4511 4545 3095 4367 3824 3976 3215 4086 3848 3617 3845 3894 4111 4461 4190 4064 3712 3762 3876 4000 3971 4076 3668 4059 3776 4038 4243 3968 4002 4064 3649 3907 4222 3850 4300 3918 4176 3975 3870 4594 3990 3703 4132 3755 3946 4097 4100 4053 4017 4075 4217 3565 4009 4147 4022 3886 3771 3787 3854 4075 3935 4044 4046 3640 3661 3929 4029 3679 3699 4109 3921 3901 3626 4200 3920 3770 3787 4079 4213 4100 
4016 4283 4104 4186 3624 3977 4114 4311 3885 3892 4077 3791 4175 3717 4110 3869 4515 3769 3924 4146 3806 3874 4176 3897 4226 4195 3895 3919 3774 4266 4021 3748 3952 4044 3729 4246 4055 4012 3848 4061 3950 4179 3865 3691 3808 4153 4267 3694 3946 4269 4235 3944 3945 4062 4121 4155 3973 3961 4141 3493 3945 3880 3915 4169 4101 3849 3975 4054 4322 4159 4187 4193 4322 4072 3907 4301 4072 3955 3818 4270 4034 4269 3850 4025 4059 3786 4122 3902 4187 3717 4409 4113 4011 3855 4063 4008 3834 4330 4046 4063 4319 4488 4107 4061 4131 4128 4173 3972 3969 3959 3968 4422 4006 3776 4311 4365 3996 4316 4538 3746 4266 4675 3522 4619 3835 4237 3536 3846 4006 4059 3918 4039 4225 4237 4268 3677 3837 4039 3884 3932 4364 3924 3668 4142 4037 4147 4205 3875 3911 3996 4241 4032 4221 4038 4288 3997 4270 3958 3796 4521 3948 4097 4258 3937 3672 4297 4378 4060 3885 3920 4190 3923 4100 4283 3880 4087 4029 4200 3924 3899 3929 4175 4151 3924 3867 3574 4243 3946 3701 4144 4327 3889 3880 4207 3924 4059 4068 4116 4170 4228 
4365 4064 4006 4094 3810 3782 3840 3907 4056 3776 3939 3533 4006 3737 4069 3747 4067 3527 3692 3840 3635 3919 3909 3849 3911 3828 3639 3981 3451 3781 3665 3720 3906 4046 3327 4075 3802 4016 3709 3650 4000 4102 3909 3626 3761 3951 3820 3575 3923 3763 3863 3629 3617 3814 3812 3810 4066 3921 3748 3514 3613 3710 3836 3914 3748 3786 3785 3858 4067 3882 4016 3840 3956 3870 3693 3895 3859 3635 3597 3811 3888 4141 4026 3789 3921 3535 3763 3817 3894 3553 4254 3925 3536 3570 3869 3917 3839 3883 4049 3904 3935 4011 3881 3865 4124 4013 3859 3905 3937 3823 3527 3900 3906 3628 4120 4056 3850 4046 4262 3354 3985 4537 3478 4416 3664 4009 3382 3823 3782 3657 3998 3849 3860 4405 3913 3691 3311 3839 3600 3800 4006 4235 3501 4150 3837 3781 4135 3693 3673 3886 3895 3895 3920 3677 4191 3867 4091 3729 3663 4229 3708 3536 3552 3727 3511 3804 4052 3923 3773 3960 4082 3694 3868 4117 3819 3874 4006 3831 3673 4116 3942 3847 3870 3567 3526 3651 3942 3600 3587 3936 4039 3658 3463 3971 3906 4099 3962 4106 3944 4133 
4246 4248 4337 4198 3828 3904 3946 4072 4202 4037 4236 3637 3839 3872 4197 4053 4265 3651 3863 4106 3866 3893 3973 3989 3949 4082 3950 4124 4042 4212 3823 3853 4143 4121 3970 4301 4093 3933 3708 4018 4088 4451 3987 3907 3915 3964 3977 3885 3899 4024 4122 4106 3955 4234 3983 4021 4087 4075 3977 3674 3768 3822 4067 4172 4064 4020 3817 3880 4296 4147 4272 3986 4011 4138 4311 4172 4320 3774 3796 3986 4384 4338 3967 4017 3935 3836 4115 3707 4086 3721 4264 4079 3820 3830 4203 3937 3978 4106 4220 4244 4300 4190 4077 3980 4277 4210 4049 3980 3999 3837 3950 4066 4023 3802 4065 4385 4104 4350 4468 3821 4381 4505 3429 4527 3797 4154 3267 4044 4033 3784 4038 4037 3938 4253 4276 3805 3699 4101 3812 3996 4351 4329 3724 4259 3726 3831 4177 3984 3823 3570 4019 3919 4259 3879 4425 4106 4202 4010 4033 4218 4113 3910 4013 3845 3914 3946 4203 4313 3850 4149 4387 3815 3757 4366 4129 4238 3987 4252 3800 3933 4188 4162 3986 3562 3916 3774 4053 3803 3691 4206 4104 3853 3742 4243 4151 4317 4081 4126 3969 4316 
3929 3859 3949 4077 3749 3822 4070 3872 3897 3755 3916 3591 3898 3433 4031 3793 4085 3452 3464 4061 3624 3743 3754 4022 3912 4022 3753 3706 3852 3975 3738 3958 3904 3880 3448 4199 3828 3794 3783 3810 3751 4022 3871 3667 3761 3942 3822 3689 3817 3773 4104 3684 3716 3835 3752 4121 3573 3813 3663 3332 3388 3754 3793 4036 3894 3792 3729 3943 3896 4049 3922 3787 3981 3680 3921 4028 3908 3786 3532 3945 4074 3844 3837 3684 3703 3761 3962 3660 3793 3436 3860 3739 4007 3552 3643 3895 3892 4050 4044 3783 4171 4089 4101 3889 3985 3942 3795 4162 3849 3931 3690 4068 3855 3566 3898 4067 3866 3991 3946 3673 4203 4309 3178 4303 3490 3919 3433 3974 3570 3623 3782 3673 3874 4025 4103 3915 3558 3818 3640 3702 3873 3988 3524 3882 3688 3799 3804 3792 3825 3894 3870 3822 4044 3841 4115 3784 3893 4028 3932 3948 3973 3581 3895 3657 3725 4000 4216 3911 3840 3703 4012 3794 3603 4001 3779 3834 3651 3745 3816 3859 3914 4037 3937 3550 3716 3680 3711 3559 3296 4159 3803 3818 3462 4040 3826 3864 3994 3977 4074 3952 
4420 4114 4321 4308 3795 4215 4258 4448 4062 4140 4110 3927 4085 3739 4347 3975 4440 3939 3681 4107 3862 4033 4031 4357 4404 3939 4017 4008 4023 4179 3680 4003 3971 4331 3632 4270 4116 4109 3914 4070 3945 4112 4039 3891 3678 4083 3875 3926 3856 3947 4279 3860 3931 4228 3899 4110 4004 3732 3882 3738 3884 3924 4041 4359 4139 3734 3872 4133 4212 4357 4208 3817 4281 3946 4134 4358 4127 4098 4021 4081 3961 4486 4167 3939 4019 3807 4301 3694 3929 4028 4261 4334 4091 3880 4150 4228 4236 4118 4235 4235 4450 4339 4169 4105 4484 4145 4137 4115 3968 3887 4237 4362 4000 3741 4278 4334 4176 4214 4214 3853 4242 4683 3449 4666 3915 4013 3577 3971 4171 3825 3901 3973 4292 4357 4314 3939 3629 4185 4020 4106 4175 4257 3689 4199 4155 4245 4058 4231 4155 3920 4164 4015 4376 4210 4332 3967 4428 4192 3966 4284 4144 3830 4103 3506 3926 4086 4256 4192 4041 4231 4561 3851 3984 4235 4287 4110 4048 4188 3928 4191 4114 4347 4251 3454 3762 3934 4403 3851 3799 4196 3964 3898 3788 4271 4095 4259 4034 4274 4140 4404 
3968 4212 3876 3869 3691 3884 4021 4008 3644 3786 4052 3695 4018 3426 4166 3514 4110 3782 3625 4008 3642 3610 3598 4050 3992 3977 3899 3782 3805 3931 3705 3916 3902 3877 3520 4033 3921 3642 3655 3854 3835 3808 3765 3702 3569 3954 3972 3543 3557 3728 3830 3848 3728 4083 3590 3798 3558 3636 3798 3597 3806 3851 3630 4021 4084 3763 3382 3925 3795 4027 3867 3740 4055 3759 3897 4051 3932 3655 3644 3793 3905 4180 3799 3697 3586 3845 3895 3552 4022 3513 4135 3757 3992 3638 3984 3904 3949 4136 3953 3956 4003 4066 3934 3798 3978 3808 4165 3814 4011 3783 3668 3853 3572 3719 3862 4161 3742 3968 3957 3548 3966 4528 3473 4319 3605 3944 3508 3637 3750 3734 3753 3714 4162 4067 3936 3813 3499 3810 3673 3867 4164 3845 3279 4002 3850 3701 3992 3665 3768 3776 3861 3687 3905 3695 3940 3592 4058 3980 3710 3980 4094 3829 3969 3659 3895 3849 4019 3791 3822 3934 3874 3567 3973 4011 3638 3614 3687 4039 3788 3804 3785 4026 4024 3365 3611 3747 3936 3961 3432 3854 3780 3587 3799 3846 3754 3870 3651 3925 3878 3948 
4253 4127 4441 4241 3922 4144 4190 4247 4177 3909 3993 3768 4261 3997 4120 3728 4411 3605 3725 4380 3758 3906 3877 4007 4275 4095 3886 3989 3957 4289 3888 3859 3982 4188 3927 4103 4242 3912 3938 4000 4140 4092 4147 3951 4108 4280 3924 3790 3822 4091 4273 4022 4086 4075 3991 4168 4227 4265 4193 3856 3888 4064 3921 4312 4115 4045 4090 4147 4364 4183 4167 4191 4226 4086 4187 4095 4183 3921 3776 3949 4252 4337 4091 3987 4291 4030 4483 4065 4109 3905 4155 4201 4156 3955 3829 4041 4067 4201 4313 4079 4419 4054 4266 4120 4234 4369 4183 4219 4090 3948 4083 4047 3956 3931 4144 4351 4112 4189 4514 4091 4310 4605 3472 4545 3987 4024 3539 4010 4114 3832 3998 4067 4172 4553 4278 4058 3529 3956 3972 4212 4071 4107 3499 4246 3902 4093 4438 4037 4015 3996 4150 3819 4098 3883 4328 4149 4163 4336 3951 4341 4220 3809 4150 3894 3849 4355 4259 4244 3853 4103 4114 3836 4077 4187 4129 4122 3956 4135 4105 4007 3937 4372 3934 3858 3778 3899 4284 3873 3735 4202 4303 4034 3817 4146 4035 4346 4094 4287 4311 4391 
4262 4167 4096 4171 3825 3937 3819 4352 3912 3858 4136 3835 4168 3620 4339 3709 4282 3704 3677 4169 3593 3842 3782 4128 4120 3960 3824 3754 3777 4049 3767 3686 4052 4087 3511 3966 4049 3930 3686 3849 4060 4047 4000 3484 3704 3864 3570 3768 4055 3901 4095 3933 3823 3898 3811 4077 4038 3876 3983 3608 3860 3963 3864 4187 4056 3491 3921 3909 4154 4131 4005 3699 3897 3773 4166 4084 4086 3860 3815 3784 4121 4173 3662 3960 3969 3896 4119 3782 3872 3816 4167 4114 3818 3725 3822 4050 4130 4149 4083 3963 4046 4131 4297 3950 4389 4081 3827 3926 3947 3862 3689 4000 3673 3899 4089 4234 3953 4307 4355 3777 4208 4522 3361 4317 3662 3820 3596 3839 3858 3593 3888 3872 4219 4095 4325 3840 3609 4130 4149 4142 3959 4130 3672 4174 3851 4097 3995 3691 3887 3857 3883 3830 3882 4002 4104 3872 3942 3908 3903 4137 3912 3881 3819 3809 3684 3800 4440 4022 3731 3984 4207 3583 3867 4124 3960 3983 4209 4236 3793 4239 3928 4196 4097 3581 3742 3780 4319 3864 3613 3984 4191 3881 3756 3981 4131 4182 3852 4098 3937 4134 
4265 4083 4271 4172 3914 3562 3927 4168 4017 3980 4193 3707 4341 3742 4075 4155 4153 3675 3720 4336 4096 3907 4111 4159 4105 4063 3810 3690 3794 4134 3806 3861 3721 4052 3844 4140 4080 3919 3843 3836 4073 4226 3727 3773 3856 4230 4087 3705 4022 3930 4180 3943 3927 3858 3914 4210 3762 3978 3710 3445 3839 3776 4033 4051 3916 3920 3933 3881 4183 4176 4178 3832 4133 4049 4034 4137 4261 3886 3792 4117 4083 4291 3911 3827 3932 3805 3922 3728 3982 3624 4287 4067 3766 3698 4179 4152 3961 3956 4137 4146 4380 4203 4108 4070 4432 3973 3910 4092 3988 3860 3780 4177 4006 3905 4008 4239 4275 4301 4390 3683 4364 4496 3339 4395 3811 4130 3518 4005 3715 3896 3786 3786 3890 4220 4311 3804 3611 3908 3989 3972 4242 4068 3616 4085 3821 3999 4239 3724 3884 3763 3814 3822 4066 3992 4402 3911 4392 3905 3943 4392 3907 3851 3900 3799 3686 4007 4236 3963 4034 3991 4145 3793 3885 4170 4148 3914 3994 3996 4124 4082 3909 4432 4160 3441 3658 3810 3883 3868 3562 4191 4213 3876 3730 4197 3969 4226 4034 4238 4155 4147 
4281 4136 4313 4328 4090 4010 4199 4404 4288 3950 4296 3849 4195 3857 4221 3957 4480 3999 3794 4236 4032 3787 4080 4133 4248 4019 3872 4002 4015 4282 3903 3909 3947 4142 3923 3954 4290 3984 3895 4112 4082 4326 4228 4024 3726 4170 4074 3737 4165 4316 3963 4206 4201 4119 3917 4332 4083 4086 3948 3716 4002 4207 4085 4158 4157 3910 3969 3993 4140 4232 4334 3959 4234 4009 4203 4222 4249 3962 3773 4117 4316 4101 4191 3977 3983 3892 4293 3857 4058 3728 4661 4138 3914 3963 3954 4278 3951 4365 4135 4108 4401 4471 4310 4166 4208 4178 4075 4168 4348 3941 4042 4205 4109 4004 4398 4285 4169 4487 4606 3827 4392 4710 3643 4593 3767 3963 3856 4148 4108 3657 3948 4029 4190 4642 4397 3992 3950 3905 4129 4113 4097 4164 3854 4235 3882 4028 4445 4042 3919 3952 4041 4167 4302 3908 4170 3866 4313 4221 4300 4575 4178 3748 4364 3699 3894 4136 4421 4045 3991 4301 4281 3949 4231 4294 4387 4004 4142 4168 4110 4088 4319 4141 4051 3742 3882 3917 4019 4058 3772 4268 4217 4004 3891 4364 4082 4324 4084 4319 4139 4222 
4266 4178 4333 4282 3871 4157 4178 4237 4221 3769 3898 3640 4174 3725 4151 3770 4305 3667 3741 4481 3843 3768 3715 4081 4158 4114 4222 3894 3839 4302 3676 3712 3870 4092 3742 3994 4048 3936 3791 3935 3890 4413 4179 3894 4061 4171 3942 3665 3705 4072 4234 3874 3899 4075 3918 4117 3954 3926 3947 3505 3996 3806 3948 4152 3907 3814 3920 3860 4288 4135 4023 4002 4114 3981 4082 3956 4136 4056 3700 3982 4247 4375 4246 4103 3785 3772 4013 3632 4118 3791 4222 4105 3960 3648 3925 4089 3966 4220 3993 4075 4287 4095 4275 4116 4349 4016 4073 4139 3960 3863 3748 3975 4093 3676 4134 4268 4134 4214 4100 3943 4352 4571 3511 4422 3670 3917 3535 4040 3971 3765 4085 4126 4150 4340 4184 4003 3513 4071 4303 4239 4078 4209 3729 4158 4199 3994 4367 3851 3982 3561 3975 3909 4052 3979 4272 4036 4244 4046 3781 4286 4137 3598 3930 3832 3870 4180 4332 4085 4081 4064 3970 3955 4016 4079 3972 3979 4125 4015 3932 3919 3906 4248 4130 3852 3650 3546 4211 3807 3645 3943 4172 4019 3726 4285 4174 4105 4179 4129 4198 4267 
3993 3908 3947 4147 3935 4014 4012 4003 3824 3776 3983 3497 4092 3828 4322 3813 3976 3486 3564 4117 3683 3934 3783 3851 3827 3957 3736 3754 3627 4095 3609 4007 3719 4069 3671 3840 3913 3798 3799 3936 3796 3797 3881 3768 3532 4063 3751 3564 3918 3902 3896 3790 3944 3891 3836 3996 3878 3919 3720 3604 3667 3753 3988 4024 3899 3736 4033 4026 4014 4125 4043 3733 4143 3870 3853 3958 3992 3651 3689 3894 3893 4057 3750 3902 4000 3662 3748 3633 3923 3555 4276 3981 3799 3465 4048 3883 3786 3804 3873 3959 4011 4131 3838 3970 4157 4004 3968 3853 4013 3649 3833 4088 3930 3631 4094 4210 4006 4120 4242 3631 4089 4495 3365 4376 3464 3968 3722 3811 3779 3512 3720 3937 3939 4477 4100 3853 3541 4027 4005 3999 3658 4026 3472 4037 3815 3813 4202 3636 3907 3773 3779 4126 3893 3864 4254 3748 4051 3907 3934 4083 3766 3650 3731 3549 3464 3993 4236 3950 3981 4001 4356 3798 3769 4060 3820 3828 4054 3860 3734 3890 3837 4021 3847 3398 3717 3630 4158 3772 3399 3884 4119 3666 3682 3926 3735 4225 3749 4229 4012 4121 
4448 4530 4139 4248 3931 4173 4192 4159 4249 4006 4406 3606 4154 3910 4111 4082 4583 3686 3739 4285 4133 3820 3855 4193 4363 4166 4280 3958 3927 4231 3908 4029 4019 4214 3896 4535 4157 3840 3986 3900 3980 4215 4256 3952 3784 4336 4175 3857 4040 4311 4187 3764 3971 4136 4001 4509 3893 4010 4092 3797 4056 4163 4052 4211 3899 3894 3891 4011 4199 3842 4225 3647 4284 4178 4114 3995 4219 3883 3902 4066 4276 4340 4189 4190 4036 3920 4263 3838 4138 3794 4406 3967 4022 4006 4074 4379 4220 4145 4308 4231 4456 4429 4180 4068 4497 4125 4033 4159 4136 4090 4186 4292 4003 3855 4086 4573 4126 4350 4507 4044 4446 4483 3701 4710 4086 4251 3576 4036 4103 3794 3895 4154 4303 4461 4277 4154 3898 4118 3865 4114 4158 4208 3868 4254 3984 4241 4443 3966 3859 3935 3992 3894 4337 4003 4167 3849 4109 3789 4123 4425 4064 3932 3886 3852 4049 4262 4577 4248 4012 4131 4548 3750 4255 4175 4182 4044 4217 4359 4006 4173 4157 4305 3983 3529 3909 3787 4242 4045 3801 4274 3990 4116 3920 4260 4201 4398 3913 4416 4400 4229 
4118 4241 4333 4028 3812 3783 4178 4149 4021 3732 4032 3760 4053 3488 4170 3777 4369 3716 3676 4213 3614 3825 4207 3892 4050 3938 3779 3808 3933 3979 3874 3874 3965 4060 3703 4053 4069 3897 3952 3939 3894 3825 4142 3937 3667 4045 3869 3734 3824 4009 3982 3919 4028 4002 3929 4181 3930 3988 3804 3555 3884 3954 3979 4069 3976 4023 3775 3775 4151 4194 3977 3969 4131 3830 4100 4146 3797 3807 3673 3930 4040 4054 3764 3705 3758 3637 4120 3470 3899 3637 3897 4096 3902 3627 3789 4027 3874 4371 4127 4005 4550 4246 3974 4124 4431 4157 4066 4118 3775 3736 3969 4235 4046 3867 4008 4326 3965 4411 4207 3693 4327 4661 3384 4431 3802 3892 3539 4192 3965 3713 3853 3870 4216 4208 3958 3856 3687 3844 3984 4039 4112 4149 3909 3900 3926 3977 4217 3908 3787 3863 4118 3835 4272 4038 4471 3907 4056 4012 3980 4238 3955 3607 3985 3832 3873 3975 4291 4074 3808 4094 4178 3729 3828 4037 3879 3917 3960 4036 4014 4005 4047 4024 4015 3614 3995 3697 4015 3883 3626 4162 4009 3951 3668 4278 3910 4119 3982 4039 3966 4107 
4077 4473 4122 4171 3885 3919 3839 4141 4097 3947 4358 3602 4054 3611 4287 3961 4357 3622 3847 3964 3899 3936 3851 3883 3881 4041 3862 3708 3781 4148 3919 3828 3858 4186 3939 4164 3824 3943 3977 3973 4307 4257 4088 3791 3756 3923 4067 3760 3989 4194 4042 3989 4146 4282 3734 4148 3889 4111 3733 3337 3675 4082 4125 3894 4179 3962 3741 4015 4108 3936 4192 3813 4109 4146 4212 4033 4218 3909 3873 4062 3988 4090 4058 3993 4027 3906 4117 3453 3909 3547 4382 4044 3850 3733 4058 3897 4266 4372 3995 4070 4429 4415 4243 3968 4329 4082 4164 4144 3895 3693 4090 4232 3837 3965 4128 4352 3998 4396 4634 3745 4211 4413 3513 4444 3641 4304 3752 4142 3883 3702 3644 4004 4165 4245 4008 3817 3814 4005 3917 4241 4098 4460 3948 4074 3812 3694 4357 3750 3604 3810 3923 3825 3985 3698 4189 3864 4273 3929 4017 4147 4050 3786 3950 3977 3600 4042 4407 3967 3886 4216 4082 3840 3956 4189 4083 3969 4193 4015 3874 3773 4152 4106 4095 3760 3775 3699 4064 3906 3763 4082 4211 3891 3631 4255 4051 4254 4127 3910 4161 4301 
4172 4099 4369 4102 3821 4103 4078 3923 3911 3626 4174 3653 4182 3413 4102 3789 4228 3814 3714 4068 3703 3795 3856 4003 3995 3978 3919 3965 3683 4162 3795 3761 3978 4006 3527 3965 3812 3571 3771 3970 3974 3980 3916 3670 3730 4055 3987 3744 3866 4000 3844 3746 3925 4044 3998 4115 3981 3850 3986 3633 3830 3786 3876 4198 3863 3811 3729 4005 4095 3967 4039 3759 4046 4087 3988 4150 4061 3625 3632 4016 3955 4089 3910 3918 3900 3991 3990 3519 3921 3810 4171 4009 4017 3888 3858 3844 3974 4130 4170 3915 4126 4136 3975 3740 4368 3844 3896 3920 4055 3796 3758 4038 3739 3791 4118 4018 4030 4283 4225 3805 4356 4346 3193 4412 3943 4056 3361 4028 3826 3800 3642 3769 4049 4044 3991 3750 3413 3885 3715 4129 3853 4170 3583 3890 3982 4019 4230 4131 3688 3921 3773 3892 4136 3659 4143 3485 4107 4009 3898 4170 4033 3855 3977 3820 3849 3922 4146 3976 3666 4009 4087 3711 3967 4125 4136 4034 3852 4152 3757 3916 3835 3889 4048 3678 3672 3765 4139 3752 3543 3900 4048 3762 3771 3967 3996 3801 3912 3948 4125 3994 
4746 4615 4747 4760 4287 4229 4634 4613 4610 4409 4665 4176 4604 4156 4574 4096 4711 4283 4127 4540 4232 4434 4289 4616 4744 4202 4357 4519 4374 4419 4371 4374 4542 4420 4081 4622 4354 4302 4151 4208 4573 4612 4448 4254 4267 4660 4390 4062 4299 4621 4338 4179 4270 4368 4393 4576 4640 4746 4406 3966 4200 4490 4487 4773 4190 4325 4336 4322 4554 4569 4710 4230 4579 4398 4529 4496 4445 4516 4138 4594 4542 4829 4499 4422 4344 4387 4484 4093 4486 3928 4926 4627 4382 3999 4472 4456 4538 4605 4818 4500 4744 4809 4543 4317 4797 4573 4209 4427 4471 4286 4196 4660 4510 4326 4703 4578 4575 4702 4591 4000 4666 5059 3689 5113 4175 4387 3961 4541 4525 4220 4410 4409 4444 5044 4684 4444 3977 4541 4286 4668 4589 4781 4184 4696 4428 4412 4651 4236 4331 4263 4455 4519 4676 4678 4506 4363 4464 4376 4393 4687 4405 4264 4326 3957 4179 4417 4855 4639 4470 4418 4878 4166 4336 4586 4610 4231 4503 4571 4528 4544 4571 4774 4522 4196 4016 4471 4393 4229 3984 4451 4541 4286 4095 4370 4356 4615 4355 4746 4527 4571 
4075 4213 4406 4131 4106 4344 4039 4299 4311 3696 4186 3662 4394 3799 4013 3970 4469 3688 3783 4071 4058 4042 4060 4021 4235 4034 3956 4148 3669 4126 3842 3868 4099 4289 3878 4141 4351 3764 3991 3804 4107 4248 4459 4014 3750 4071 4015 3843 4086 4110 4290 3907 4022 4064 3914 4399 3995 4270 4059 3683 4020 4040 4188 4366 4200 4014 3933 4016 4065 4036 4170 3853 3985 4060 4041 4140 3992 3930 4155 3992 3977 4200 3833 4118 4054 4119 4154 3795 3992 3870 4334 4264 4057 3958 4119 4180 3960 4286 4177 3945 4264 4397 4137 4129 4263 4074 4191 4296 4239 4055 4142 4413 4081 3840 4100 4233 4194 4254 4603 3914 4239 4726 3614 4648 3962 4119 3805 4195 4093 3928 4105 3857 4368 4356 4128 3933 3786 3746 4091 4355 4007 4222 3737 4110 4025 3885 4402 3845 3939 4117 4049 3978 4374 4066 4154 3998 4072 4170 3975 4577 4042 3848 4054 3892 4116 4196 4327 4152 4231 4350 4407 3724 4182 4129 4144 4174 3943 4110 4142 4096 4123 4318 4228 3609 3833 3793 4004 3835 3636 4294 4145 3960 3851 4418 3976 4083 4079 4129 4177 4386 
4335 4291 4343 4158 4029 3896 4118 4229 4115 4256 4292 3569 4226 3815 4163 4078 4489 3802 3887 4226 3984 3926 3907 4314 4180 4171 4114 3895 4077 4230 3938 3860 4201 4298 3975 4458 4137 4059 3762 3820 3979 4084 4261 3971 3824 4315 4077 3824 3984 4142 4053 4028 4048 4175 4130 4231 4008 4040 3978 3618 3925 3990 4224 4269 3673 4006 4200 3969 4205 4194 4161 4101 4276 4172 4242 4165 4158 3997 3874 4205 4307 4274 4262 4212 3832 3975 4184 3919 4139 3891 4345 4152 3897 3892 4326 4323 4174 4303 4201 4159 4433 4407 4212 4055 4201 4100 3997 4304 4188 4102 3918 4547 4070 3821 4273 4591 4140 4348 4524 3901 4455 4498 3786 4749 3828 4323 3751 3992 4144 3712 3933 3927 4061 4505 4227 4025 3606 4094 3941 4267 4312 4366 3872 4263 3926 4126 4497 4145 4051 3910 3834 4228 4262 4038 4127 3980 4359 4046 4065 4477 3908 3869 4302 3733 3887 4132 4322 4169 3938 4167 4459 3976 4156 4142 4149 4209 4230 4226 4246 3934 4070 4408 4345 3825 3795 3791 4101 4075 3760 4298 3985 3962 3891 4320 4017 4454 4149 4037 4140 4300 
3848 3947 4081 4025 3705 3711 3962 3924 4076 3694 4031 3436 3842 3421 4014 3748 4041 3688 3455 4130 3780 3681 3945 4020 4170 3964 3717 3561 3634 3826 3651 3732 3846 3968 3496 3867 4171 3695 3603 3607 3922 3775 3936 3783 3701 4105 3646 3443 3671 3808 3980 3623 3769 3683 3981 3906 3842 3923 3617 3510 3607 3606 3900 3829 3814 3743 3785 3777 3945 4019 3868 3705 4055 3694 3937 3762 3841 3505 3559 3923 3875 4092 3774 3668 3670 3606 4128 3479 3730 3530 4177 3955 3770 3480 3756 4034 3820 3884 3920 3768 4415 4088 3895 3904 3960 4089 3869 4099 3962 3961 3892 4290 3870 3534 3888 4251 3890 4142 4154 3795 3980 4397 3025 4159 3610 3876 3422 3868 3689 3578 3690 3576 3920 4178 3858 3873 3604 3735 3795 4005 3753 3894 3625 3839 3653 3740 4141 3744 3833 3649 3753 3682 4031 3871 4115 3689 3930 3839 3772 4045 3669 3634 3858 3646 3668 3999 4161 4009 3709 3964 4175 3531 3886 3869 3917 3696 3693 3730 3763 3907 3841 3989 3928 3491 3793 3714 3835 3857 3481 3991 3876 3736 3494 4003 3710 3946 3727 4008 3954 3969 
4404 4499 4528 4566 4020 3964 4449 4248 4333 4194 4470 3887 4508 4051 4217 4046 4762 3756 4060 4216 3859 4194 4104 4346 4409 4395 4327 4198 4360 4462 4068 4238 4279 4365 3990 4520 4372 4149 3927 4225 4315 4389 4314 4282 4027 4436 4088 4072 4118 4436 4602 4075 4145 4215 4119 4547 4335 4351 4224 3851 3915 4109 4394 4586 4228 4301 4310 4056 4297 4302 4638 4213 4215 4360 4491 4342 4314 4338 4009 4410 4398 4382 4381 4188 4140 4005 4580 4188 4480 3881 4543 4255 4142 3900 4209 4234 4241 4401 4566 4355 4561 4503 4224 4364 4506 4460 4483 4447 4247 4169 4232 4541 4327 4192 4537 4501 4272 4393 4507 3919 4502 4904 3792 4949 3865 4298 3802 4406 4233 3774 4148 4209 4295 4694 4237 4240 3801 4357 4275 4286 4306 4721 3896 4348 4312 4288 4553 4264 4129 4222 4265 4283 4530 4267 4517 4204 4259 4436 4073 4191 4305 4003 4367 3973 4117 4320 4629 4200 4317 4445 4601 4103 4251 4360 4060 4472 4200 4429 4098 4174 4291 4493 4311 3880 4092 4094 4223 4198 3954 4425 4147 4044 3965 4214 4388 4654 4321 4359 4408 4458 
4170 4224 4130 4537 3893 3906 4206 4361 4278 4068 4273 3904 4135 3771 4338 3933 4427 3909 3899 4297 3918 3868 3999 4093 4300 4281 3945 4026 4032 4540 4084 4014 4007 4221 3951 4252 4083 3966 3844 4289 4066 4442 4160 3875 3863 4449 4029 4002 3984 4517 4422 4202 4010 4278 4012 4184 4073 4125 3915 3724 3896 4022 4178 4186 4196 3912 3806 4065 4198 4266 4089 3876 4310 3801 4533 4183 4440 4139 3873 4238 4144 4258 4076 4122 4028 4107 4026 3716 4060 4006 4417 4027 4148 3907 4320 3997 4123 4222 4281 4102 4482 4401 4329 3970 4651 4167 4307 4000 4056 4247 3952 4301 4028 4107 4230 4201 4287 4387 4311 3916 4290 4552 3621 4558 3669 4258 3508 3877 4117 3903 3943 4062 3998 4273 4354 3718 3805 4016 4060 4105 4170 4266 3791 4505 3976 4197 4288 3783 4039 3956 4134 3925 4059 3995 4207 4179 4457 4129 4104 4303 4295 4192 4094 3596 4004 4041 4464 4290 4189 3987 4141 4065 3886 4016 4118 4056 4096 3890 4010 4141 4157 4210 4290 3616 3883 4316 4178 4167 3580 4365 3967 4079 3758 4141 4099 4126 4129 4336 4257 4207 
4459 4331 4594 4485 3926 3996 4449 4247 4263 3888 4288 3838 4313 3646 4577 3957 4647 3909 4091 4264 3837 3942 4093 4279 4414 4266 4046 4224 4264 4293 4103 3983 4398 4324 4149 4505 3965 3980 3948 4034 3890 4477 4272 3941 3845 4471 4157 3950 3999 4224 4117 4053 4102 4417 4172 4219 4207 4240 4190 3689 4072 4182 4153 4546 4079 3933 4108 4069 4333 4409 4235 4368 4355 4244 4233 4238 4237 3995 4031 4308 4300 4214 4050 4116 4109 4032 4255 3912 4206 3934 4390 4248 4050 3934 4275 4280 4292 4314 4324 4204 4224 4501 4329 4101 4286 4227 4140 4292 4098 4096 4014 4384 4328 3814 4206 4474 4336 4580 4614 3847 4499 4619 3747 4786 3897 4279 3914 4060 4168 4182 4073 4127 4394 4258 4481 4157 3731 4201 4032 4528 4288 4346 3802 4467 4095 4171 4315 4175 4119 3926 4064 4084 4211 4358 4343 4237 4411 4207 4147 4477 3961 3914 4300 4084 4000 4195 4664 4317 4021 4248 4453 4056 4198 4326 4109 4334 4382 4409 4075 4107 4258 4322 4218 4108 3824 3914 4352 4093 3874 4332 4284 4128 4024 4385 4118 4259 4150 4309 4201 4372 
4280 4203 4346 4250 3873 3913 4067 3968 4160 3973 4145 3758 4392 3515 4172 3855 4285 3665 3599 4081 3728 3847 3954 4001 4348 4165 3865 3739 3944 4223 3835 3952 4075 4153 3724 4150 4090 3997 3799 4118 4007 4019 4101 3634 3735 4183 4073 3878 3865 4173 4242 3909 3949 3983 3829 4056 3963 4267 3715 3646 3738 3707 4046 4172 4074 4013 3922 3939 3976 4149 4097 4141 3887 4063 4075 3989 4130 3842 3694 3882 3949 4179 3987 3933 4007 3954 4217 3750 4085 3454 4434 4021 4124 3873 4110 4107 4170 4146 4061 4106 4484 4183 4112 4037 4190 4110 4315 4213 4107 4009 3960 4257 3927 3801 4084 4177 4030 4128 4391 3936 4120 4706 3271 4569 3850 4062 3689 3988 3811 3732 3788 3733 3988 4244 4185 3526 3696 3805 4045 4038 4168 4309 3783 3930 4092 3991 4443 4051 3686 3990 4004 3853 4150 3826 4311 3999 4044 4080 3840 4162 4323 3836 3833 3774 4044 4144 4394 3929 4120 3946 4041 3781 4011 4039 3807 3977 3775 3998 3895 3972 4149 4047 3999 3762 3633 3724 4124 4017 3509 3999 3960 3728 3877 4243 4015 3962 3915 4012 4170 4185 
4420 4220 4173 4517 4027 4217 4263 4335 4227 4048 4104 3651 4307 3697 4438 4067 4465 3832 3887 4184 3820 4068 3934 4297 4265 4353 4011 3902 4069 4366 3958 4011 3920 4376 3914 4419 4179 4128 3894 4068 4018 4309 4056 3930 3765 4128 3903 4002 3948 4310 4316 3995 4216 4215 4013 4098 4065 4070 4215 3705 3899 4060 4021 4260 4124 3921 4018 4074 4223 4245 4124 4164 4391 3965 4120 4376 4180 4030 3873 4160 4227 4443 4270 3948 4104 4254 4238 4110 4206 3967 4341 4299 4184 3908 4185 4254 4259 4455 4172 4262 4444 4272 4211 4215 4641 4204 4095 4115 4279 3823 4159 4325 4196 3707 4200 4383 4139 4345 4305 3977 4495 4670 3331 4473 3926 4268 3737 4221 4192 3858 3955 4138 4461 4472 4356 3976 3744 3880 4149 4227 4076 4352 3661 4404 3960 4019 4502 4047 4103 4256 4006 4148 4272 3926 4140 4129 4384 4307 4113 4636 4210 4053 4205 3932 4141 4371 4430 4162 4043 4099 4143 3669 4110 4145 4122 4052 4125 4122 3933 4297 4156 4471 4241 3660 3898 3869 4505 3834 3665 4306 4398 4172 3779 4318 4187 4238 4118 4248 4343 4450 
4396 4437 4349 4155 3888 3967 4252 4125 4064 3913 4037 3854 4266 3724 4236 3700 4556 3637 3700 4157 4029 3899 4060 4172 4196 3925 3951 3851 3964 4280 3930 3858 3899 4078 3644 4230 4135 3907 3742 3968 4293 4211 4016 3896 3863 4057 4082 3720 3786 4073 4268 3852 4315 4232 3943 4173 4156 4070 3873 3532 3785 4040 3917 4319 4153 4119 3814 4019 4260 4264 4292 3955 4196 4100 4288 4297 4208 3725 3858 4136 4182 4057 3968 4084 3883 3861 4005 3937 4206 3594 4440 4144 3844 3727 4060 4056 4138 4201 4102 4051 4364 4475 4121 4167 4414 4190 4340 4211 3915 3755 3989 4345 4021 4077 4152 4485 4048 4478 4482 3935 4529 4796 3581 4670 3850 4181 3618 4146 3766 3839 3888 4208 4008 4373 4338 4063 3780 4184 3951 4019 4246 4155 3472 4138 3764 3876 3986 3943 4004 3840 4091 3927 4177 3959 4346 4092 4099 4083 3991 4443 4125 3920 3924 3877 3733 4297 4455 3999 4076 4173 4140 3939 4142 4336 3919 3853 3958 4225 4146 4004 4146 4472 4021 3736 3887 3607 4261 3759 3569 4086 4153 3879 4152 4131 4070 4291 4157 4267 4124 4131 
4087 4334 4085 4198 3821 3645 4045 3935 4139 3766 3967 3591 3847 3470 4034 3657 4343 3524 3628 4045 3757 3726 3848 3879 3785 3929 3801 3566 3925 4087 3842 3808 3868 3932 3770 3885 3766 3760 3736 3778 3875 4022 4063 3558 3539 4018 3847 3526 3754 4068 3913 3799 4213 4063 3629 4150 3825 3881 3762 3290 3552 3775 3906 4202 3850 3888 3746 3916 3762 4132 3916 3912 4128 3939 4112 3625 4071 3833 3596 3817 3852 3911 4015 3983 3998 3888 3887 3601 3981 3632 3950 4057 3820 3649 3900 3950 3917 4008 3792 3970 4171 4122 3933 3979 4239 3904 3965 4101 3748 3615 3796 4026 3991 3659 3957 4248 3680 4005 4431 3909 4319 4078 3415 4356 3570 3882 3535 3909 3811 3611 3463 3857 3736 4060 4059 3951 3748 3691 3789 3902 3697 4029 3542 3956 3827 3707 4069 3863 3901 3796 3637 3783 3891 3795 4203 4022 3862 3911 3878 4207 3847 3613 4059 3698 3802 4093 4240 3971 4109 3761 3885 3759 3741 4042 3912 3897 4100 3758 3936 3749 3797 4036 3880 3621 3748 3364 3726 3819 3371 4085 4017 3715 3692 4102 3967 4057 3842 3878 3986 4023 
4351 4137 4448 4563 4089 4058 4471 4066 4289 3882 4363 3776 4283 3729 4442 3898 4452 3933 3617 4308 3791 4098 3971 4255 4589 4201 3879 3976 3847 4401 3919 3886 3940 4138 3956 4180 3974 3809 3753 4053 4016 4060 4178 3932 3844 4236 4058 3823 3973 4240 4068 3933 3973 4297 3885 4175 3905 4059 4102 3550 3936 3900 3861 4341 4038 3894 3957 4094 4286 4185 4268 4049 4482 3901 4270 3995 4095 4113 3761 4181 4125 4328 4018 4003 4006 4083 4144 3732 4259 3903 4237 4193 4184 4117 4180 4218 4374 4270 4427 4279 4487 4250 4274 4221 4432 4073 4033 4200 4053 3998 4013 4280 4115 3864 4324 4246 4119 4376 4391 3853 4349 4615 3475 4629 3996 4051 3592 4009 4046 3986 3934 3796 4114 4572 4173 4042 3483 3982 4023 4157 4193 4424 3811 4264 4056 4187 4680 4130 4001 4177 3882 3983 4173 4122 4104 3879 4410 4162 4138 4409 4357 4075 4396 3828 4097 4359 4260 4224 4249 4154 4288 3922 4246 4160 4148 4115 4174 4144 4102 4228 4049 4148 4099 3608 3705 3807 4154 3997 3834 4338 4100 3989 3907 4328 4250 4142 3786 4171 4401 4336 
4375 4266 4333 4117 4167 3950 3949 4127 4336 3953 4184 3684 3953 3718 4166 3841 4471 3697 3609 4268 3941 3970 4006 4000 4098 4184 3894 3881 3659 4049 3968 3884 3771 4100 3700 4094 3929 4021 3940 3983 4057 4021 4218 3825 3879 4191 3978 4036 3945 4052 4213 3811 3991 4055 3842 4302 3951 3850 3843 3612 4076 3955 3934 4250 3885 4079 3976 3877 4031 3919 4125 3778 4133 3821 4051 3999 4036 3939 3786 3990 4152 4231 4021 4033 3853 4093 4087 3812 3832 3875 4074 4191 3750 3521 3905 4037 4050 4195 4093 4270 4314 4115 4311 4055 4334 4115 3999 4367 4191 4019 3874 4171 3986 3741 4040 4182 3882 4190 4336 3773 4365 4612 3536 4507 3734 4235 3678 4165 3966 3904 3868 4008 3874 4364 4294 4023 3643 3924 4042 4128 4052 4249 3643 4047 3759 4067 4441 4039 4036 4005 3888 3852 4100 4074 4341 3949 4068 3847 3888 4159 3973 3624 3989 3899 3939 4049 4283 4199 4069 4206 4220 3867 4054 4117 3846 4149 4236 4167 4053 4000 4111 4302 4067 3809 4033 3903 4080 3714 3788 4177 4099 3970 3678 4254 4046 4134 3667 4116 4029 4234 
4000 4010 3949 4223 3766 4080 4152 3993 3876 3846 4092 3694 3996 3733 4129 3899 4351 3557 3665 3972 3785 3805 3646 3994 4093 3875 3820 3940 3742 3981 3697 3654 4156 3892 3328 4151 3795 3793 3803 3627 3944 4067 3984 3753 3795 3993 3678 3713 3957 3666 3849 3576 3804 3770 3931 4142 4103 4001 3883 3412 3783 3682 3924 4158 3626 3666 3913 3843 3864 3982 4063 3681 4092 3998 4212 4000 3720 3749 3563 3989 3851 4338 4019 4066 3961 3762 4029 3753 4056 3578 4230 3933 4034 3876 3855 3953 3807 4157 4162 3835 4116 4226 4115 3978 4292 4017 4095 3868 3926 4067 3811 4394 3687 3648 4113 4036 4128 4358 4238 3885 4006 4319 3521 4451 3795 3985 3553 3962 3604 3596 3851 3891 4002 4220 4083 3619 3614 3836 3729 3990 4143 4107 3600 4064 3934 3940 4034 3778 3895 3652 3781 3976 4274 3898 4010 3877 4085 3871 3825 4050 3833 3646 3718 3602 3730 3777 4307 3894 3720 3587 4174 3665 3957 4117 3926 3934 3676 4061 3759 4046 3999 3923 3865 3802 3590 3894 4101 3666 3605 3967 3837 3744 3757 3975 3992 4108 3946 3953 3962 3938 
4615 4479 4565 4600 4216 4212 4372 4250 4292 4114 4444 3965 4337 3757 4326 4251 4519 4015 4174 4548 4146 3802 4281 4607 4513 4388 4192 4039 4293 4347 4038 4084 4301 4429 3961 4325 4444 3890 4197 4203 4121 4331 4229 4159 3808 4466 4114 4023 4160 4144 4327 4201 4395 4172 4279 4275 4114 4359 4396 4249 4048 4281 4264 4525 4096 4351 4213 4236 4338 4387 4403 4245 4305 4380 4495 4403 4452 4064 3794 4057 4471 4568 4174 3983 4150 4306 4124 4223 4528 3854 4516 4255 4157 3992 4366 4306 4163 4584 4525 4336 4631 4556 4296 4420 4777 4442 4517 4292 4131 3958 4183 4648 4123 3930 4260 4443 4347 4636 4777 4143 4646 4569 3457 5022 4155 4240 3855 4336 4267 4077 4295 4115 4442 4347 4399 4056 3734 4141 4165 4125 4444 4575 3878 4451 4330 4213 4343 4168 4087 4191 3998 3926 4506 4074 4446 4188 4156 4363 4120 4320 4229 4077 4194 3940 4123 4382 4415 4313 4063 4192 4446 3906 4441 4238 4427 4318 4108 4470 4110 4313 4138 4526 4234 3701 3888 4146 4379 3968 3778 4459 4279 3873 4225 4342 4072 4192 4099 4334 4209 4331 
4131 3719 3979 3981 3726 3708 3934 3978 3924 3807 3933 3571 3822 3644 3867 3707 4189 3720 3548 3649 3601 3858 3870 3887 3937 3893 3753 3678 3715 4052 3452 3793 3851 4000 3703 3711 4035 3863 3771 3607 3626 3955 3748 3870 3713 4052 3842 3521 3621 3906 4006 3577 3943 3831 3748 3940 4051 3926 3724 3434 3438 3634 4091 3963 4125 3936 3841 3878 3921 4080 4012 3902 3903 3761 3964 3993 3947 3748 3641 3764 3802 3856 3836 3715 3931 3835 4069 3657 3829 3596 4083 4143 4010 3750 3771 3758 3925 3866 3877 3804 4097 4224 4050 3925 4111 4009 3944 4046 3885 3624 3813 4011 3757 3597 4012 3919 4126 3994 4156 3660 4029 4391 3221 4356 3533 3612 3270 3944 3670 3614 3635 3837 3886 3976 4119 3712 3586 3975 3826 3759 3861 3976 3455 3814 3735 3923 4028 3742 3792 3565 3846 3747 4187 3638 4194 3990 3908 3909 4112 4230 3735 3619 3921 3611 3676 3958 3963 3846 3840 3745 4083 3689 3678 4062 3769 3876 3825 3900 3728 3787 3841 3872 3667 3416 3470 3496 3791 3586 3215 3979 3719 3699 3628 3973 3932 3849 4032 4029 3892 4049 
3992 3779 3905 3767 3736 3483 3954 3696 3799 3592 3844 3530 3906 3300 3988 3517 4188 3379 3376 3904 3753 3489 3603 3849 3884 3784 3757 3698 3404 3714 3515 3580 3687 3789 3624 3670 3814 3484 3619 3642 3563 3752 3776 3586 3473 4056 3683 3356 3645 3867 3829 3637 3671 3685 3566 3949 3522 3743 3583 3234 3600 3531 3703 3900 3814 3513 3616 3791 3803 3828 4071 3561 3777 3730 3823 3522 4183 3660 3510 3563 3910 3718 3689 3655 3512 3719 3809 3513 3730 3498 3990 3841 3659 3367 3746 3875 3882 3815 3872 3581 4090 3934 3894 3536 3971 3591 3772 3885 4012 3689 3516 3824 3697 3517 3790 3826 3652 3821 3933 3449 4064 4108 3423 4116 3404 3837 3244 3577 3539 3506 3566 3730 3645 4163 3816 3722 3316 3543 3866 3726 3758 4048 3521 3705 3577 3732 3962 3627 3594 3752 3689 3730 3674 3503 3889 3434 3804 3635 3654 3920 3937 3595 3662 3558 3528 3912 4168 3700 3926 3519 3846 3479 3653 3781 3763 3722 3842 3793 3892 3783 3809 3848 3790 3551 3480 3518 3829 3691 3541 3887 3878 3450 3683 3914 4017 3788 3585 3936 3955 3714 
4405 4098 4289 4044 3868 3952 4272 4053 4030 3933 4339 3895 4025 3626 4035 3916 4268 3584 3652 4187 3801 4081 3979 4183 4097 4149 3781 3796 3848 4317 3877 3935 3958 4280 3888 4275 4226 3861 3672 3976 3800 4189 4237 3915 3759 4120 3995 3830 3771 4234 4173 3801 4003 4120 3913 4181 4013 4236 3983 3652 3916 4056 4114 4322 4033 4012 3964 4051 4046 4072 4300 4070 4078 3907 4134 4165 4243 3884 3980 3922 4102 4235 3966 3918 4099 3971 4116 3714 4129 3879 4092 3932 4244 4029 4113 4030 4004 4481 4109 4135 4410 4334 4350 4050 4204 4362 4175 4117 4048 3948 3892 4332 3961 3933 4340 4420 4064 4391 4122 3929 4209 4709 3344 4560 3959 4158 3694 4126 3934 3730 4017 3933 4285 4257 4261 3797 3724 3941 3816 3895 4285 4360 3836 4236 4160 4165 4385 3977 3708 4009 4158 3932 4370 3904 4276 3941 4149 4036 4132 4159 4182 3789 4318 3870 3924 4332 4280 3993 3993 4181 4466 3783 4079 4250 3979 4227 3990 4121 4023 4011 4056 4254 4171 3666 3816 3630 4320 3841 3587 4139 3994 3912 3954 4130 3990 4206 3849 4072 4040 4184 
4258 4545 4341 4538 3769 4165 4275 4073 4285 4079 4084 4060 4205 3950 4384 3914 4516 3903 3732 4354 3895 3956 3941 4342 4410 4134 4085 4020 4170 4168 4091 4035 4083 4449 3947 4208 4045 3765 4079 3873 4264 4325 4133 4062 3791 4309 3871 3665 3950 4267 4342 4013 4068 4112 4202 4206 4066 3965 4055 3522 3663 3776 4242 4449 4200 4128 3917 4216 3998 4308 4393 3956 4171 4116 4446 3975 4229 4095 3908 4055 4139 4359 4077 4248 4336 3815 4165 3873 4161 3866 4260 4250 4191 3905 4053 4280 4092 4248 4220 4243 4445 4644 4258 4107 4457 4152 4343 4295 4046 3906 4081 4305 4003 4026 4172 4474 4181 4377 4409 3997 4281 4723 3565 4620 3794 4120 3648 4001 4082 3743 3690 4051 4265 4448 4272 4326 3738 3979 4220 4152 4127 4295 3795 4306 4059 4025 4321 4015 4274 4192 4140 3893 4185 4085 4300 4128 4214 4174 4176 4374 4114 3993 4124 4013 3945 4156 4505 4152 4192 4255 4303 3722 4108 4214 4093 4112 4151 4344 3947 4085 4020 4287 4196 3838 4210 3890 4013 3872 3793 4351 4105 3894 4091 4145 4236 4081 4095 4191 4175 4314 
3952 3765 3648 3744 3518 3471 3669 3784 3635 3588 3535 3245 3697 3362 3804 3531 3898 3286 3333 3890 3359 3353 3454 3622 3764 3470 3421 3474 3294 3833 3443 3448 3458 3743 3430 3804 3662 3551 3336 3552 3655 3590 3719 3333 3305 3921 3708 3386 3392 3657 3573 3407 3568 3620 3288 3549 3322 3534 3411 3167 3261 3457 3526 3769 3610 3708 3563 3506 3724 3577 3731 3236 3579 3739 3729 3703 3639 3496 3280 3702 3614 3785 3739 3414 3419 3516 3757 3482 3431 3313 3966 3826 3611 3345 3605 3439 3371 3764 3653 3704 3947 3951 3806 3783 3883 3659 3622 3751 3708 3183 3504 3836 3587 3293 3828 3776 3620 3778 3708 3263 3957 4282 3079 4169 3420 3711 3154 3644 3412 3339 3663 3559 3641 4021 3661 3516 3078 3683 3519 3751 3735 3624 3202 3774 3531 3514 3788 3444 3518 3434 3335 3528 3499 3391 3733 3700 3619 3687 3485 3929 3608 3541 3476 3312 3419 3767 3893 3491 3742 3673 3842 3355 3747 3563 3600 3421 3603 3616 3694 3713 3657 3888 3440 3187 3184 3427 3689 3316 3391 3707 3699 3662 3287 3727 3545 3719 3367 3800 3514 3933 
4510 4399 4294 4256 3737 4097 4347 4225 4097 3976 4182 3844 4059 3781 4269 3851 4255 3877 3945 4078 3882 3878 3999 4405 4218 4220 4177 4060 3852 4068 4066 3919 4114 4199 3840 4309 4098 3924 3950 3970 3858 4223 3992 3922 3660 4235 3953 3916 3926 4113 4019 4101 3989 3959 4110 4157 4031 4141 4170 3642 4023 4158 4114 3990 4120 3826 4027 4078 4318 4357 4283 4064 4297 4180 4325 4159 4302 4110 3996 4143 4331 4343 4116 3907 3987 3923 4122 3874 4186 3495 4144 4300 3848 3760 3976 4077 4155 4253 4270 4089 4267 4395 4226 4082 4304 3979 4282 4085 3887 3912 3972 4162 4015 3902 4087 4165 4040 4297 4433 3884 4398 4445 3481 4761 3627 4153 3427 3755 3946 3685 3853 3934 4141 4391 4284 4085 3644 4109 4111 4154 4147 4404 3904 4216 3957 4082 4138 3875 3933 3983 4145 3901 4321 4076 4461 3801 4398 4062 4113 4407 3930 3828 4113 3780 3944 4045 4359 4313 3855 4074 4308 3768 4080 4305 4074 3942 4061 4264 4045 4143 4028 4163 4017 3595 3598 4016 4137 3880 3824 4273 4165 3877 3772 4442 4258 4222 4044 4154 4102 4058 
4491 4535 4487 4351 3999 4450 4231 4260 4204 3862 4170 3691 4420 4009 4256 3866 4701 3899 3796 4429 3907 4295 4094 4206 4210 4279 4203 4147 3889 4264 4015 3911 4002 4262 3995 4361 4208 4142 3937 3864 4074 4336 4436 4039 4101 4296 4196 3841 4249 4418 4068 3938 4354 4081 4057 4197 3969 4312 4227 3638 4027 4094 4004 4237 4197 4152 4246 3963 4503 4172 4401 4171 4337 4079 4201 4417 4079 4138 3874 4167 4226 4387 4381 4082 4219 4041 4329 4178 4115 3700 4282 4195 4201 4022 4073 4258 4111 4182 4449 4183 4539 4366 4271 4446 4534 4202 4241 4353 4209 3841 3934 4335 4226 3881 4167 4536 4046 4342 4462 4090 4422 4875 3530 4752 3895 4001 3701 4068 4157 3955 4051 4026 4278 4465 4290 4177 3782 4115 4120 4394 4115 4305 4090 4198 4071 4155 4603 4016 4194 4139 4017 4336 4412 4193 4387 4234 4446 4052 4010 4435 4176 4024 4033 4161 4097 4263 4403 4184 4056 4321 4351 3995 4025 4193 4030 4015 4260 4475 4155 4225 4036 4376 4000 3982 4116 3747 4217 3916 3810 4462 4243 4275 3770 4430 4512 4556 4160 4370 4361 4612 
4260 4317 4491 4338 3957 4081 4366 4155 4176 3856 4156 3727 4364 3792 4150 3981 4569 3770 3829 4261 3909 4012 4192 4001 4291 4029 4078 3874 3898 4143 3766 3988 4168 4113 3748 4343 4053 3931 4078 3776 4339 4195 4194 4086 3820 4224 4038 3936 4248 4154 4124 4256 3986 3849 3960 4391 4069 4179 3878 3652 4050 3936 4024 4250 4052 4275 4050 4049 4304 4359 4349 4002 4118 4178 4118 4014 4083 3918 3846 3954 4157 4327 4016 3897 3961 3984 4214 3918 3975 3822 4182 4211 4062 3925 4193 4247 4176 4224 4363 4062 4350 4375 4024 4011 4314 3910 4197 4312 4180 3723 4097 4392 4098 3889 4090 4608 4206 4329 4321 3762 4413 4615 3652 4590 3931 4102 3538 4113 4047 3998 3983 3768 4236 4348 4310 3882 3800 4023 4016 3879 4216 4018 3923 4163 4138 4274 4011 4046 3808 3972 3958 3976 4306 4067 4336 4152 4252 4120 4149 4224 4175 3959 3944 3793 3882 4100 4541 4121 4135 4064 4295 3995 3887 4263 4229 4065 4134 4089 4142 4274 4061 4356 4181 3802 3849 3989 4137 4040 3648 4430 4163 4069 3707 4236 4062 4148 3946 4307 4228 4316 
